"ticker","name","sector","industry","price","week_52_low","week_52_high","market_cap","ebitda","eps","pe_ratio","price_to_sales","book_value_per_share","dividend_yield","sec_filings","revenue_ttm","debt_to_equity","levered_fcf","roa"
"A","Agilent Technologies","Life Sciences Tools & Services","Life Sciences Tools & Services","151.52","124.16","155.35","43273355264","","",,"",,"","http://www.sec.gov/cgi-bin/browse-edgar?action=getcompany&CIK=A",,,,
"ABBV","AbbVie","Biotechnology","Biotechnology","183.9","153.58","207.32","324977033216","25629999104","2.86","64.3006993006993","5.8519626","3.41300032051395","0.0373","http://www.sec.gov/cgi-bin/browse-edgar?action=getcompany&CIK=ABBV",,,,
"ABNB","Airbnb","Hotels, Resorts & Cruise Lines","Hotels, Resorts & Cruise Lines","131.17","110.38","170.1","81951334400","1672999936","2.89","45.3875432525952","7.560086","13.3039996892319","","http://www.sec.gov/cgi-bin/browse-edgar?action=getcompany&CIK=ABNB",,,,
"ABT","Abbott Laboratories","Health Care Equipment","Health Care Equipment","127.93","99.71","129.85","221889478656","10824999936","7.64","16.7447643979058","5.3834457","22.9440010341928","0.0202","http://www.sec.gov/cgi-bin/browse-edgar?action=getcompany&CIK=ABT",,,,
"ACGL","Arch Capital Group","Property & Casualty Insurance","Property & Casualty Insurance","93.07","80.97","116.47","35584942080","5171999744","14.66","6.34856753069577","2.1097374","57.2340007230658","","http://www.sec.gov/cgi-bin/browse-edgar?action=getcompany&CIK=ACGL",,,,
"ACN","Accenture","IT Consulting & Other Services","IT Consulting & Other Services","384.95","278.69","387.51","240778526720","11065912320","11.92","32.2944630872483","3.7101948","45.2419979721901","0.017","http://www.sec.gov/cgi-bin/browse-edgar?action=getcompany&CIK=ACN",,,,
"ADBE","Adobe Inc.","Application Software","Application Software","437.45","403.75","638.25","190421991424","8134000128","12.35","35.4210526315789","9.090657","32.6850005024726","","http://www.sec.gov/cgi-bin/browse-edgar?action=getcompany&CIK=ADBE",,,,
"ADI","Analog Devices","Semiconductors","Semiconductors","211.89","182.57","244.14","105128370176","4361349120","3.27","64.7981651376147","10.837489","70.8769992547027","0.0165","http://www.sec.gov/cgi-bin/browse-edgar?action=getcompany&CIK=ADI",,,,
"ADM","Archer Daniels Midland","Agricultural Products & Services","Agricultural Products & Services","51.23","48.4","66.08","24515297280","3988000000","3.56","14.3904494382022","0.27617267","47.04100335531","0.0379","http://www.sec.gov/cgi-bin/browse-edgar?action=getcompany&CIK=ADM",,,,
"ADP","Automatic Data Processing","Human Resource & Employment Services","Human Resource & Employment Services","303.01","231.27","311.67","123285987328","5733100032","9.58","31.6294363256785","6.3149424","11.1429993860888","0.020599999","http://www.sec.gov/cgi-bin/browse-edgar?action=getcompany&CIK=ADP",,,,
"ADSK","Autodesk","Application Software","Application Software","311.34","195.32","326.62","67096567808","1396000000","5.02","62.0199203187251","11.55841","8.66800006236372","","http://www.sec.gov/cgi-bin/browse-edgar?action=getcompany&CIK=ADSK",,,,
"AEE","Ameren","Multi-Utilities","Multi-Utilities","94.2","67.03","96.74","25144616960","3264000000","4.25","22.1647058823529","3.5625699","44.3350031909907","0.028499998","http://www.sec.gov/cgi-bin/browse-edgar?action=getcompany&CIK=AEE",,,,
"AEP","American Electric Power","Electric Utilities","Electric Utilities","98.36","75.22","105.18","52383092736","7258299904","4.96","19.8306451612903","2.6723068","49.9889969318465","0.0379","http://www.sec.gov/cgi-bin/browse-edgar?action=getcompany&CIK=AEP",,,,
"AES","AES Corporation","Independent Power Producers & Energy Traders","Independent Power Producers & Energy Traders","11.0","10.81","22.21","7821297152","3334000128","1.44","7.63888888888889","0.63670605","4.62700006810103","0.0615","http://www.sec.gov/cgi-bin/browse-edgar?action=getcompany&CIK=AES",,,,
"AFL","Aflac","Life & Health Insurance","Life & Health Insurance","107.38","75.44","115.5","59652595712","4779250176","6.73","15.9554234769688","3.4477284","44.6010025381617","0.0214","http://www.sec.gov/cgi-bin/browse-edgar?action=getcompany&CIK=AFL",,,,
"AIG","American International Group","Multi-line Insurance","Multi-line Insurance","73.66","67.96","80.83","45946826752","8501000192","5.03","14.6441351888668","1.0143012","71.4579933516709","0.0212","http://www.sec.gov/cgi-bin/browse-edgar?action=getcompany&CIK=AIG",,,,
"AIZ","Assurant","Multi-line Insurance","Multi-line Insurance","215.19","160.12","230.55","11036535808","1241900032","13.99","15.3817012151537","0.93881625","102.29099699473","0.0146","http://www.sec.gov/cgi-bin/browse-edgar?action=getcompany&CIK=AIZ",,,,
"AJG","Arthur J. Gallagher & Co.","Insurance Brokers","Insurance Brokers","301.82","230.08","316.72","75395547136","3382200064","6.49","46.5053929121726","7.067648","55.532999963606","0.0087","http://www.sec.gov/cgi-bin/browse-edgar?action=getcompany&CIK=AJG",,,,
"AKAM","Akamai Technologies","Internet Services & Infrastructure","Internet Services & Infrastructure","99.9","84.7","129.17","15007678464","1118397952","3.38","29.5562130177515","3.7838497","31.8279995786852","","http://www.sec.gov/cgi-bin/browse-edgar?action=getcompany&CIK=AKAM",,,,
"ALB","Albemarle Corporation","Specialty Chemicals","Specialty Chemicals","84.19","71.97","143.19","9895693312","-935078016","-16.76","-5.02326968973747","1.5219512","68.1099933920605","0.0189","http://www.sec.gov/cgi-bin/browse-edgar?action=getcompany&CIK=ALB",,,,
"ALGN","Align Technology","Health Care Supplies","Health Care Supplies","219.11","196.09","335.4","16357241856","820153984","5.86","37.3907849829352","4.1300755","52.7620046142373","","http://www.sec.gov/cgi-bin/browse-edgar?action=getcompany&CIK=ALGN",,,,
"ALL","Allstate","Property & Casualty Insurance","Property & Casualty Insurance","192.33","153.87","209.88","50929561600","6192999936","15.47","12.4324499030381","0.8157605","71.2300039901839","0.019","http://www.sec.gov/cgi-bin/browse-edgar?action=getcompany&CIK=ALL",,,,
"ALLE","Allegion","Building Products","Building Products","132.73","113.27","156.1","11538124800","888400000","6.5","20.42","3.098315","18.0730004065983","0.014400001","http://www.sec.gov/cgi-bin/browse-edgar?action=getcompany&CIK=ALLE",,,,
"AMAT","Applied Materials","Semiconductor Materials & Equipment","Semiconductor Materials & Equipment","180.35","158.96","255.89","147683934208","8204000256","8.55","21.093567251462","5.499513","22.8530005166033","0.0086","http://www.sec.gov/cgi-bin/browse-edgar?action=getcompany&CIK=AMAT",,,,
"AMCR","Amcor","Paper & Plastic Packaging Products & Materials","Paper & Plastic Packaging Products & Materials","9.72","8.78","11.48","14092055552","1904000000","0.53","18.3396226415094","1.0400041","2.7129999421115","0.0523","http://www.sec.gov/cgi-bin/browse-edgar?action=getcompany&CIK=AMCR",,,,
"AMD","Advanced Micro Devices","Semiconductors","Semiconductors","115.95","112.8","227.3","192886292480","4479000064","1.1","105.409090909091","7.939341","35.1110017894044","","http://www.sec.gov/cgi-bin/browse-edgar?action=getcompany&CIK=AMD",,,,
"AME","Ametek","Electrical Components & Equipment","Electrical Components & Equipment","184.56","149.03","198.33","42690203648","2138388992","5.75","32.0973913043478","6.1776185","41.2879994559362","0.006","http://www.sec.gov/cgi-bin/browse-edgar?action=getcompany&CIK=AME",,,,
"AMGN","Amgen","Biotechnology","Biotechnology","285.42","253.3","346.85","153422675968","12247000064","7.88","36.2208121827411","4.7157645","14.0039997409393","0.0335","http://www.sec.gov/cgi-bin/browse-edgar?action=getcompany&CIK=AMGN",,,,
"AMP","Ameriprise Financial","Asset Management & Custody Banks","Asset Management & Custody Banks","543.36","381.99","577.89","52271230976","","24.93","21.7954271961492","2.9963448","58.7840032992435","0.010299999","http://www.sec.gov/cgi-bin/browse-edgar?action=getcompany&CIK=AMP",,,,
"AMT","American Tower","Telecom Tower REITs","Telecom Tower REITs","184.95","170.46","243.56","86425100288","6966099968","4.14","44.6739130434783","7.7388453","7.79300038141249","0.0349","http://www.sec.gov/cgi-bin/browse-edgar?action=getcompany&CIK=AMT",,,,
"AMTM","Amentum","Diversified Support Services",,"20.97","18.38","34.5","5102042624","433000000","-0.94","-22.3085106382979","0.9084834",,"","http://www.sec.gov/cgi-bin/browse-edgar?action=getcompany&CIK=AMTM",,,,
"AMZN","Amazon","Broadline Retail","Broadline Retail","237.68","151.61","241.77","2499205136384","111583002624","4.73","50.2494714587738","4.030144","24.6550006301714","","http://www.sec.gov/cgi-bin/browse-edgar?action=getcompany&CIK=AMZN",,,,
"ANET","Arista Networks","Communications Equipment","Communications Equipment","115.23","60.08","133.575","145162141696","2833341952","2.08","55.3990384615385","21.950539","29.3659979664754","","http://www.sec.gov/cgi-bin/browse-edgar?action=getcompany&CIK=ANET",,,,
"ANSS","Ansys","Application Software",,"350.5","289.82","363.03","30651224064","836108992","6.5","53.9230769230769","12.420753","66.6729947359721","","http://www.sec.gov/cgi-bin/browse-edgar?action=getcompany&CIK=ANSS",,,,
"AON","Aon","Insurance Brokers","Insurance Brokers","370.82","268.06","395.33","80195756032","4295000064","11.69","31.721129170231","5.37289","28.8409989242763","0.0073","http://www.sec.gov/cgi-bin/browse-edgar?action=getcompany&CIK=AON",,,,
"AOS","A. O. Smith","Building Products","Building Products","67.3","66.76","92.45","9758164992","809100032","3.63","18.5399449035813","2.5060778","13.2189991390955","0.0196","http://www.sec.gov/cgi-bin/browse-edgar?action=getcompany&CIK=AOS",,,,
"APA","APA Corporation","Oil & Gas Exploration & Production","Oil & Gas Exploration & Production","21.93","20.32","36.05","8112937984","5047000064","7.04","3.11505681818182","0.9059674","13.8249989645435","0.0435","http://www.sec.gov/cgi-bin/browse-edgar?action=getcompany&CIK=APA",,,,
"APD","Air Products","Industrial Gases","Industrial Gases","335.26","212.24","337.775","74554785792","4296600064","17.22","19.4692218350755","6.1612473","76.5339957178766","0.0214","http://www.sec.gov/cgi-bin/browse-edgar?action=getcompany&CIK=APD",,,,
"APH","Amphenol","Electronic Components","Electronic Components","70.78","51.025","79.39","85333073920","3586299904","1.92","36.8645833333333","5.9956913","7.84199976977005","0.0091","http://www.sec.gov/cgi-bin/browse-edgar?action=getcompany&CIK=APH",,,,
"APTV","Aptiv","Automotive Parts & Equipment","Automotive Parts & Equipment","62.42","51.47","85.56","14786111488","3032999936","8.91","7.00561167227834","0.74961275","37.7970027255381","","http://www.sec.gov/cgi-bin/browse-edgar?action=getcompany&CIK=APTV",,,,
"ARE","Alexandria Real Estate Equities","Office REITs","Office REITs","97.35","94.35","130.14","16850505728","1905123968","1.8","54.0833333333333","5.461276","105.766001711595","0.051999997","http://www.sec.gov/cgi-bin/browse-edgar?action=getcompany&CIK=ARE",,,,
"ATO","Atmos Energy","Gas Utilities","Gas Utilities","142.51","110.46","152.65","22180255744","1991972992","6.83","20.8653001464129","5.416576","78.4850031741514","0.023699999","http://www.sec.gov/cgi-bin/browse-edgar?action=getcompany&CIK=ATO",,,,
"AVB","AvalonBay Communities","Multi-Family Residential REITs","Multi-Family Residential REITs","221.51","169.37","239.29","31506915328","1808050944","7.32","30.2609289617486","10.767874","83.6669978697795","0.0309","http://www.sec.gov/cgi-bin/browse-edgar?action=getcompany&CIK=AVB",,,,
"AVGO","Broadcom","Semiconductors","Semiconductors","221.27","119.756","251.88","1037172146176","22958000128","1.29","171.527131782946","22.154697","59.2209988396142","0.0117","http://www.sec.gov/cgi-bin/browse-edgar?action=getcompany&CIK=AVGO",,,,
"AVY","Avery Dennison","Paper & Plastic Packaging Products & Materials","Paper & Plastic Packaging Products & Materials","185.73","181.99","233.48","14922736640","1416300032","8.72","21.2993119266055","1.7191103","29.7600019997029","0.0182","http://www.sec.gov/cgi-bin/browse-edgar?action=getcompany&CIK=AVY",,,,
"AWK","American Water Works","Water Utilities","Water Utilities","124.64","113.34","150.68","24291588096","2408000000","5.05","24.6811881188119","5.380197","53.1670027426393","0.0247","http://www.sec.gov/cgi-bin/browse-edgar?action=getcompany&CIK=AWK",,,,
"AXON","Axon Enterprise","Aerospace & Defense","Aerospace & Defense","652.18","251.13","698.67","49731854336","183220000","3.86","168.958549222798","25.629044","27.5990003794238","","http://www.sec.gov/cgi-bin/browse-edgar?action=getcompany&CIK=AXON",,,,
"AXP","American Express","Consumer Finance","Consumer Finance","317.45","203.0","326.27","223902892032","","13.94","22.7725968436155","3.7796535","42.1969981046244","0.0086","http://www.sec.gov/cgi-bin/browse-edgar?action=getcompany&CIK=AXP",,,,
"AZO","AutoZone","Automotive Retail","Automotive Retail","3350.21","2672.31","3437.63","56223895552","4338463232","149.46","22.4154288772916","3.040729",,"","http://www.sec.gov/cgi-bin/browse-edgar?action=getcompany&CIK=AZO",,,,
"BA","Boeing","Aerospace & Defense","Aerospace & Defense","176.52","137.03","213.77","132251615232","-3991000064","-18.37","-9.60914534567229","1.8044237",,"","http://www.sec.gov/cgi-bin/browse-edgar?action=getcompany&CIK=BA",,,,
"BAC","Bank of America","Diversified Banks","Diversified Banks","46.3","32.35","48.08","352382812160","","3.21","14.4236760124611","3.7239535","35.3709982261024","0.0221","http://www.sec.gov/cgi-bin/browse-edgar?action=getcompany&CIK=BAC",,,,
"BALL","Ball Corporation","Metal, Glass & Plastic Containers","Metal, Glass & Plastic Containers","55.7","51.96","71.32","16622327808","2092999936","2.4","23.2083333333333","1.2058272","22.2730009321871","0.0143","http://www.sec.gov/cgi-bin/browse-edgar?action=getcompany&CIK=BALL",,,,
"BAX","Baxter International","Health Care Equipment","Health Care Equipment","32.56","28.34","44.01","16624745472","2744000000","0.25","130.24","1.1037542","15.4209994417939","0.020499999","http://www.sec.gov/cgi-bin/browse-edgar?action=getcompany&CIK=BAX",,,,
"BBY","Best Buy","Computer & Electronics Retail","Computer & Electronics Retail","85.86","69.29","103.71","18356525056","2673999872","5.84","14.7020547945205","0.43154255","14.1739992955922","0.0404","http://www.sec.gov/cgi-bin/browse-edgar?action=getcompany&CIK=BBY",,,,
"BDX","Becton Dickinson","Health Care Equipment","Health Care Equipment","247.6","218.75","250.91","71805984768","5109000192","5.86","42.2525597269625","3.6214435","89.4699990218284","0.0175","http://www.sec.gov/cgi-bin/browse-edgar?action=getcompany&CIK=BDX",,,,
"BEN","Franklin Resources","Asset Management & Custody Banks","Asset Management & Custody Banks","22.24","18.83","28.61","11653382144","1688400000","0.85","26.1647058823529","1.3745438","23.8890003613426","0.0635","http://www.sec.gov/cgi-bin/browse-edgar?action=getcompany&CIK=BEN",,,,
"BF-B","Brown–Forman","Distillers & Vintners","Distillers & Vintners","","","","","","",,"",,"","http://www.sec.gov/cgi-bin/browse-edgar?action=getcompany&CIK=BF.B",,,,
"BG","Bunge Global","Agricultural Products & Services","Agricultural Products & Services","76.13","75.72","114.92","10629804032","2486000128","7.89","9.6489226869455","0.19503513","72.5869995186928","0.035","http://www.sec.gov/cgi-bin/browse-edgar?action=getcompany&CIK=BG",,,,
"BIIB","Biogen","Biotechnology","Biotechnology","143.93","139.71","246.44","20973336576","2884999936","11.05","13.0253393665158","2.183017","112.278009494134","","http://www.sec.gov/cgi-bin/browse-edgar?action=getcompany&CIK=BIIB",,,,
"BK","BNY Mellon","Asset Management & Custody Banks","Asset Management & Custody Banks","85.93","52.64","87.7","61670244352","","5.8","14.8155172413793","3.4644256","51.7810000548362","0.0248","http://www.sec.gov/cgi-bin/browse-edgar?action=getcompany&CIK=BK",,,,
"BKNG","Booking Holdings","Hotels, Resorts & Cruise Lines","Hotels, Resorts & Cruise Lines","4737.56","3180.0","5337.24","158014685184","7183000064","146.86","32.2590221980117","6.8547063",,"0.0073","http://www.sec.gov/cgi-bin/browse-edgar?action=getcompany&CIK=BKNG",,,,
"BKR","Baker Hughes","Oil & Gas Equipment & Services","Oil & Gas Equipment & Services","46.18","28.32","47.6","45696311296","4336999936","2.98","15.496644295302","1.6738576","16.3680002829842","0.020599999","http://www.sec.gov/cgi-bin/browse-edgar?action=getcompany&CIK=BKR",,,,
"BLDR","Builders FirstSource","Building Products","Building Products","167.28","130.75","214.7","19251419136","2349128960","10.22","16.3679060665362","1.1506404","38.4800013029097","","http://www.sec.gov/cgi-bin/browse-edgar?action=getcompany&CIK=BLDR",,,,
"BLK","BlackRock","Asset Management & Custody Banks","Asset Management & Custody Banks","1075.5","745.55","1084.22","166572376064","7673999872","42.0","25.6071428571429","8.603501","278.316987288871","0.0212","http://www.sec.gov/cgi-bin/browse-edgar?action=getcompany&CIK=BLK",,,,
"BMY","Bristol Myers Squibb","Pharmaceuticals","Pharmaceuticals","58.95","39.35","61.1","119946158080","19161999360","-3.57","-16.5126050420168","2.5286424","8.45299992235285","0.0419","http://www.sec.gov/cgi-bin/browse-edgar?action=getcompany&CIK=BMY",,,,
"BR","Broadridge Financial Solutions","Data Processing & Outsourced Services","Data Processing & Outsourced Services","238.22","188.3","241.45","27845298176","1545799936","5.79","41.1433506044905","4.284815","18.5790004884572","0.0147","http://www.sec.gov/cgi-bin/browse-edgar?action=getcompany&CIK=BR",,,,
"BRK-B","Berkshire Hathaway","Multi-Sector Holdings","Multi-Sector Holdings","","","","","","",,"",,"","http://www.sec.gov/cgi-bin/browse-edgar?action=getcompany&CIK=BRK.B",,,,
"BRO","Brown & Brown","Insurance Brokers","Insurance Brokers","104.66","77.12","114.15","29928366080","1528300032","3.46","30.2485549132948","6.5651097","22.6009978040364","0.0057","http://www.sec.gov/cgi-bin/browse-edgar?action=getcompany&CIK=BRO",,,,
"BSX","Boston Scientific","Health Care Equipment","Health Care Equipment","102.36","64.08","103.595","150861234176","4063000064","1.21","84.595041322314","9.481568","14.054000009913","","http://www.sec.gov/cgi-bin/browse-edgar?action=getcompany&CIK=BSX",,,,
"BWA","BorgWarner","Automotive Parts & Equipment",,"31.9","29.51","38.23","6976529920","1882000000","4.04","7.8960396039604","0.49237984","28.148000953679","0.0134000005","http://www.sec.gov/cgi-bin/browse-edgar?action=getcompany&CIK=BWA",,,,
"BX","Blackstone Inc.","Asset Management & Custody Banks","Asset Management & Custody Banks","177.11","115.82","200.96","216281432064","","3.63","48.7906336088154","19.417854","9.12600058936929","0.0186","http://www.sec.gov/cgi-bin/browse-edgar?action=getcompany&CIK=BX",,,,
"BXP","BXP, Inc.","Office REITs","Office REITs","73.14","56.46","90.11","12904675328","1870726016","2.3","31.8","3.8590477","36.4550026940018","0.053600002","http://www.sec.gov/cgi-bin/browse-edgar?action=getcompany&CIK=BXP",,,,
"C","Citigroup","Diversified Banks","Diversified Banks","81.43","52.24","82.77","153659228160","","5.92","13.7550675675676","2.217049","101.906998694344","0.0286","http://www.sec.gov/cgi-bin/browse-edgar?action=getcompany&CIK=C",,,,
"CAG","Conagra Brands","Packaged Foods & Meats","Packaged Foods & Meats","25.89","25.06","33.24","12357814272","2239500032","1.03","25.1359223300971","1.0348368","17.6510002506183","0.0512","http://www.sec.gov/cgi-bin/browse-edgar?action=getcompany&CIK=CAG",,,,
"CAH","Cardinal Health","Health Care Distributors","Health Care Distributors","123.66","93.17","131.29","29872300032","2924000000","5.37","23.0279329608939","0.13308874",,"0.015800001","http://www.sec.gov/cgi-bin/browse-edgar?action=getcompany&CIK=CAH",,,,
"CARR","Carrier Global","Building Products","Building Products","65.38","53.13","83.32","59190083584","3318000128","1.69","38.6863905325444","2.3866007","16.366000442618","0.0136","http://www.sec.gov/cgi-bin/browse-edgar?action=getcompany&CIK=CARR",,,,
"CAT","Caterpillar Inc.","Construction Machinery & Heavy Transportation Equipment","Construction Machinery & Heavy Transportation Equipment","371.44","306.0","418.5","179331973120","15818999808","22.05","16.8453514739229","2.7310545","40.1759982157461","0.0143","http://www.sec.gov/cgi-bin/browse-edgar?action=getcompany&CIK=CAT",,,,
"CB","Chubb Limited","Property & Casualty Insurance","Property & Casualty Insurance","271.88","238.85","302.05","108943409152","11363000320","22.5","12.0835555555556","1.991762","163.154995625576","0.0134000005","http://www.sec.gov/cgi-bin/browse-edgar?action=getcompany&CIK=CB",,,,
"CBOE","Cboe Global Markets","Financial Exchanges & Data","Financial Exchanges & Data","204.33","166.13","221.66","21390489600","1290400000","7.33","27.8758526603001","5.4076476","40.2029994707677","0.012200001","http://www.sec.gov/cgi-bin/browse-edgar?action=getcompany&CIK=CBOE",,,,
"CBRE","CBRE Group","Real Estate Services","Real Estate Services","144.74","82.75","147.09","44293046272","2213600000","3.1","46.6903225806452","1.2908531","28.8969968006469","","http://www.sec.gov/cgi-bin/browse-edgar?action=getcompany&CIK=CBRE",,,,
"CCI","Crown Castle","Telecom Tower REITs","Telecom Tower REITs","89.28","84.2","120.92","38800912384","3993999872","2.82","31.6595744680851","5.885168","12.1750004121745","0.070300005","http://www.sec.gov/cgi-bin/browse-edgar?action=getcompany&CIK=CCI",,,,
"CCL","Carnival","Hotels, Resorts & Cruise Lines","Hotels, Resorts & Cruise Lines","27.67","13.78","28.72","37406797824","5878000128","1.44","19.2152777777778","1.5281179","6.78499980971594","","http://www.sec.gov/cgi-bin/browse-edgar?action=getcompany&CIK=CCL",,,,
"CDNS","Cadence Design Systems","Application Software","Application Software","297.62","241.29","328.99","81626152960","1450493056","3.81","78.1154855643045","18.747797","16.6390002242983","","http://www.sec.gov/cgi-bin/browse-edgar?action=getcompany&CIK=CDNS",,,,
"CDW","CDW","Technology Distributors","Technology Distributors","199.14","168.43","263.37","26538192896","1996300032","8.19","24.3150183150183","1.2739638","17.6369982668554","0.0126","http://www.sec.gov/cgi-bin/browse-edgar?action=getcompany&CIK=CDW",,,,
"CE","Celanese","Specialty Chemicals",,"71.04","64.05","172.16","7765524480","1851000064","10.04","7.07569721115538","0.7410559","66.5709958492459","0.0388","http://www.sec.gov/cgi-bin/browse-edgar?action=getcompany&CIK=CE",,,,
"CEG","Constellation Energy","Electric Utilities","Electric Utilities","299.98","125.85","352.0","96526368768","5997000192","8.82","34.0113378684807","4.0249505","40.1599989996816","0.0046","http://www.sec.gov/cgi-bin/browse-edgar?action=getcompany&CIK=CEG",,,,
"CF","CF Industries","Fertilizers & Agricultural Chemicals","Fertilizers & Agricultural Chemicals","92.21","69.13","98.25","16046384128","2651000064","6.31","14.6133122028526","2.6819963","29.7950006373565","0.0217","http://www.sec.gov/cgi-bin/browse-edgar?action=getcompany&CIK=CF",,,,
"CFG","Citizens Financial Group","Regional Banks","Regional Banks","47.57","30.24","49.25","20956631040","","3.03","15.6996699669967","2.9454155","51.2560004377178","0.0353","http://www.sec.gov/cgi-bin/browse-edgar?action=getcompany&CIK=CFG",,,,
"CHD","Church & Dwight","Household Products","Household Products","105.52","96.09","113.5","25852188672","1330099968","2.23","47.3183856502242","4.2709007","17.1220004026396","0.0106","http://www.sec.gov/cgi-bin/browse-edgar?action=getcompany&CIK=CHD",,,,
"CHRW","C.H. Robinson","Air Freight & Logistics","Air Freight & Logistics","99.49","65.0","114.82","11760215040","673996992","3.86","25.7746113989637","0.66209275","13.8889994071105","0.023","http://www.sec.gov/cgi-bin/browse-edgar?action=getcompany&CIK=CHRW",,,,
"CHTR","Charter Communications","Cable & Satellite","Cable & Satellite","345.49","236.08","415.27","49041612800","21500000256","31.91","10.8270134753996","0.89377826","99.152003416323","","http://www.sec.gov/cgi-bin/browse-edgar?action=getcompany&CIK=CHTR",,,,
"CI","Cigna","Health Care Services","Health Care Services","294.21","262.03","370.83","80551460864","8554999808","12.11","24.2947976878613","0.35060942","150.608006688365","0.0185","http://www.sec.gov/cgi-bin/browse-edgar?action=getcompany&CIK=CI",,,,
"CINF","Cincinnati Financial","Property & Casualty Insurance","Property & Casualty Insurance","137.05","104.78","161.75","21422972928","4062000128","19.47","7.03903441191577","1.7624824","88.3169982866309","0.0233","http://www.sec.gov/cgi-bin/browse-edgar?action=getcompany&CIK=CINF",,,,
"CL","Colgate-Palmolive","Household Products","Household Products","86.7","82.68","109.3","70834855936","4894000128","3.48","24.9137931034483","3.5230706","0.53200001570842","0.022","http://www.sec.gov/cgi-bin/browse-edgar?action=getcompany&CIK=CL",,,,
"CLX","Clorox","Household Products","Household Products","158.68","127.6","171.37","19641567232","1371000064","2.87","55.2891986062718","2.6297452","0.485000041109469","0.0304","http://www.sec.gov/cgi-bin/browse-edgar?action=getcompany&CIK=CLX",,,,
"CMCSA","Comcast","Cable & Satellite","Cable & Satellite","33.66","33.3","45.82","128483590144","37285998592","4.19","8.03341288782816","1.0439879","22.3700012833177","0.0332","http://www.sec.gov/cgi-bin/browse-edgar?action=getcompany&CIK=CMCSA",,,,
"CME","CME Group","Financial Exchanges & Data","Financial Exchanges & Data","236.52","190.7","249.02","85232820224","4209900032","9.51","24.8706624605678","14.124489","78.4739972767015","0.044099998","http://www.sec.gov/cgi-bin/browse-edgar?action=getcompany&CIK=CME",,,,
"CMG","Chipotle Mexican Grill","Restaurants","Restaurants","58.35","47.98","69.2614","79507120128","2233638912","1.08","54.0277777777778","7.23788","2.65000011126821","","http://www.sec.gov/cgi-bin/browse-edgar?action=getcompany&CIK=CMG",,,,
"CMI","Cummins","Construction Machinery & Heavy Transportation Equipment","Construction Machinery & Heavy Transportation Equipment","356.25","236.0","387.9","48871088128","4582000128","15.29","23.2995421844343","1.4290627","75.1920007952939","0.0202","http://www.sec.gov/cgi-bin/browse-edgar?action=getcompany&CIK=CMI",,,,
"CMS","CMS Energy","Multi-Utilities","Multi-Utilities","66.0","55.1","72.4","19719809024","2739000064","3.5","18.8571428571429","2.6377487","26.3960004780076","0.0311","http://www.sec.gov/cgi-bin/browse-edgar?action=getcompany&CIK=CMS",,,,
"CNC","Centene Corporation","Managed Health Care","Managed Health Care","64.03","55.03","81.42","32326504448","5919000064","5.79","11.0587219343696","0.22110547","53.5350033054917","","http://www.sec.gov/cgi-bin/browse-edgar?action=getcompany&CIK=CNC",,,,
"CNP","CenterPoint Energy","Multi-Utilities","Multi-Utilities","32.57","25.41","33.12","21226747904","3081999872","1.5","21.7133333333333","2.4788916","16.1650007335545","0.026800001","http://www.sec.gov/cgi-bin/browse-edgar?action=getcompany&CIK=CNP",,,,
"COF","Capital One","Consumer Finance","Consumer Finance","203.71","128.23","207.24","77660372992","","11.58","17.5915371329879","2.930912","152.236996781283","0.0124","http://www.sec.gov/cgi-bin/browse-edgar?action=getcompany&CIK=COF",,,,
"COO","Cooper Companies (The)","Health Care Supplies","Health Care Supplies","96.55","84.76","112.38","19269740544","1023000000","1.96","49.2602040816327","5.065519","39.8040002381232","0.0002","http://www.sec.gov/cgi-bin/browse-edgar?action=getcompany&CIK=COO",,,,
"COP","ConocoPhillips","Oil & Gas Exploration & Production","Oil & Gas Exploration & Production","98.83","94.23","135.18","127842541568","24445999104","8.43","11.723606168446","2.245846","43.3399978319038","0.0308","http://www.sec.gov/cgi-bin/browse-edgar?action=getcompany&CIK=COP",,,,
"COR","Cencora","Health Care Distributors","Health Care Distributors","254.21","214.77","258.39","49280135168","4303009792","7.52","33.8045212765958","0.1676431","4.00799991801424","0.0085","http://www.sec.gov/cgi-bin/browse-edgar?action=getcompany&CIK=COR",,,,
"COST","Costco","Consumer Staples Merchandise Retail","Consumer Staples Merchandise Retail","979.88","697.27","1008.25","434967773184","11521999872","17.03","57.5384615384615","1.7094228","53.3080005903768","0.0047","http://www.sec.gov/cgi-bin/browse-edgar?action=getcompany&CIK=COST",,,,
"CPAY","Corpay","Transaction & Payment Processing Services","Transaction & Payment Processing Services","380.49","247.1","386.81","26524338176","2066438016","14.03","27.119743406985","6.840616","44.3090024517904","","http://www.sec.gov/cgi-bin/browse-edgar?action=getcompany&CIK=CPAY",,,,
"CPB","Campbell Soup Company","Packaged Foods & Meats","Packaged Foods & Meats","38.77","37.61","52.81","11557685248","1783000064","1.83","21.1857923497268","1.1994277","12.731999810974","0.0325","http://www.sec.gov/cgi-bin/browse-edgar?action=getcompany&CIK=CPB",,,,
"CPRT","Copart","Diversified Support Services","Diversified Support Services","57.93","48.05","64.38","55817179136","1754322944","1.43","40.5104895104895","13.1743","7.81300049294868","","http://www.sec.gov/cgi-bin/browse-edgar?action=getcompany&CIK=CPRT",,,,
"CPT","Camden Property Trust","Multi-Family Residential REITs","Multi-Family Residential REITs","113.71","90.5","127.69","12130696192","893276992","3.17","35.8706624605678","7.793328","40.9620014845889","0.0364","http://www.sec.gov/cgi-bin/browse-edgar?action=getcompany&CIK=CPT",,,,
"CRL","Charles River Laboratories","Life Sciences Tools & Services","Life Sciences Tools & Services","164.76","159.65","275.0","8466620928","948771008","7.97","20.67252195734","2.0849042","73.9680002650565","","http://www.sec.gov/cgi-bin/browse-edgar?action=getcompany&CIK=CRL",,,,
"CRM","Salesforce","Application Software","Application Software","341.7","212.0","369.0","328796405760","9345000448","6.05","56.4793388429752","9.016767","61.4269971418739","0.0047999998","http://www.sec.gov/cgi-bin/browse-edgar?action=getcompany&CIK=CRM",,,,
"CRWD","CrowdStrike","Systems Software","Systems Software","398.07","200.81","411.3","98049024000","187490000","0.52","765.519230769231","27.884487","9.52599973102159","","http://www.sec.gov/cgi-bin/browse-edgar?action=getcompany&CIK=CRWD",,,,
"CSCO","Cisco","Communications Equipment","Communications Equipment","60.6","44.5","62.32","241355243520","13752000512","2.33","26.0085836909871","4.5559354","11.3480000928813","0.026500002","http://www.sec.gov/cgi-bin/browse-edgar?action=getcompany&CIK=CSCO",,,,
"CSGP","CoStar Group","Real Estate Services","Real Estate Services","76.6","68.26","100.38","31402936320","170300000","0.42","182.380952380952","11.775071","18.2930003720691","","http://www.sec.gov/cgi-bin/browse-edgar?action=getcompany&CIK=CSGP",,,,
"CSX","CSX Corporation","Rail Transportation","Rail Transportation","32.87","31.43","40.12","63387160576","7191000064","1.79","18.3631284916201","4.317632","6.70499960018864","0.0143","http://www.sec.gov/cgi-bin/browse-edgar?action=getcompany&CIK=CSX",,,,
"CTAS","Cintas","Diversified Support Services","Diversified Support Services","200.57","150.7","228.12","80938819584","2450383872","4.14","48.4468599033816","8.296421","10.6569986253285","0.0076","http://www.sec.gov/cgi-bin/browse-edgar?action=getcompany&CIK=CTAS",,,,
"CTLT","Catalent","Pharmaceuticals",,"63.48","42.11","63.5","11522381824","462000000","-2.28","-27.8421052631579","2.6056945","19.5160007225962","","http://www.sec.gov/cgi-bin/browse-edgar?action=getcompany&CIK=CTLT",,,,
"CTRA","Coterra","Oil & Gas Exploration & Production",,"27.72","22.3","29.95","20414255104","3448999936","1.65","16.8","3.7123578","17.7089997366649","0.0296","http://www.sec.gov/cgi-bin/browse-edgar?action=getcompany&CIK=CTRA",,,,
"CTSH","Cognizant","IT Consulting & Other Services","IT Consulting & Other Services","82.61","63.79","83.4015","40960020480","3470000128","4.52","18.2765486725664","2.110036","29.1369988460888","0.0145000005","http://www.sec.gov/cgi-bin/browse-edgar?action=getcompany&CIK=CTSH",,,,
"CTVA","Corteva","Fertilizers & Agricultural Chemicals","Fertilizers & Agricultural Chemicals","65.27","50.01","66.16","45464403968","3014000128","0.95","68.7052631578947","2.7327285","35.8940031992792","0.010299999","http://www.sec.gov/cgi-bin/browse-edgar?action=getcompany&CIK=CTVA",,,,
"CVS","CVS Health","Health Care Services","Health Care Services","56.48","43.56","80.75","71074996224","14115000320","3.94","14.3350253807107","0.19353512","59.5740013784082","0.0468","http://www.sec.gov/cgi-bin/browse-edgar?action=getcompany&CIK=CVS",,,,
"CVX","Chevron Corporation","Integrated Oil & Gas","Integrated Oil & Gas","149.19","135.37","167.11","278706323456","38942998528","8.68","17.1877880184332","1.4539505","86.9189968432656","0.0417","http://www.sec.gov/cgi-bin/browse-edgar?action=getcompany&CIK=CVX",,,,
"CZR","Caesars Entertainment","Casinos & Gaming",,"36.05","30.784","45.93","7659904000","3668000000","-1.68","-21.4583333333333","0.67961174","19.7080012243562","","http://www.sec.gov/cgi-bin/browse-edgar?action=getcompany&CIK=CZR",,,,
"D","Dominion Energy","Multi-Utilities","Multi-Utilities","55.59","43.53","61.97","46696157184","7032000000","2.71","20.5129151291513","3.199901","31.1700003633416","0.0478","http://www.sec.gov/cgi-bin/browse-edgar?action=getcompany&CIK=D",,,,
"DAL","Delta Air Lines","Passenger Airlines","Passenger Airlines","67.27","37.29","69.98","43408052224","8415000064","5.33","12.6210131332083","0.7197846","21.2850015190916","0.0098","http://www.sec.gov/cgi-bin/browse-edgar?action=getcompany&CIK=DAL",,,,
"DAY","Dayforce","Human Resource & Employment Services",,"70.74","47.08","82.69","11155697664","252100000","0.34","208.058823529412","6.5834746","16.1980008452087","","http://www.sec.gov/cgi-bin/browse-edgar?action=getcompany&CIK=DAY",,,,
"DD","DuPont","Specialty Chemicals","Specialty Chemicals","76.8","61.14","90.06","32098945024","2977999872","1.28","60","2.6327875","57.9379957828985","0.0198","http://www.sec.gov/cgi-bin/browse-edgar?action=getcompany&CIK=DD",,,,
"DE","Deere & Company","Agricultural & Farm Machinery","Agricultural & Farm Machinery","476.56","340.2","485.84","129791598592","14364000256","25.63","18.5938353492002","2.319571","84.2910020558048","0.0145000005","http://www.sec.gov/cgi-bin/browse-edgar?action=getcompany&CIK=DE",,,,
"DECK","Deckers Brands","Footwear","Footwear","177.36","131.395","222.05","33895270400","1145432064","4.9","36.1959183673469","7.2787676","13.7239999610008","","http://www.sec.gov/cgi-bin/browse-edgar?action=getcompany&CIK=DECK",,,,
"DELL","Dell Technologies","Technology Hardware, Storage & Peripherals","Technology Hardware, Storage & Peripherals","103.6","80.49","179.7","72282243072","8725999616","5.65","18.3362831858407","0.78705394",,"0.0126","http://www.sec.gov/cgi-bin/browse-edgar?action=getcompany&CIK=DELL",,,,
"DFS","Discover Financial","Consumer Finance",,"201.09","104.08","204.93","50536128512","","17.72","11.3481941309255","4.324502","68.7650029119717","0.014199999","http://www.sec.gov/cgi-bin/browse-edgar?action=getcompany&CIK=DFS",,,,
"DG","Dollar General","Consumer Staples Merchandise Retail","Consumer Staples Merchandise Retail","71.06","66.43","168.07","15627940864","3025478912","6.06","11.7260726072607","0.39387932","30.7250028364202","0.0297","http://www.sec.gov/cgi-bin/browse-edgar?action=getcompany&CIK=DG",,,,
"DGX","Quest Diagnostics","Health Care Services","Health Care Services","163.1","123.18","166.89","18041307136","1804999936","7.68","21.2369791666667","1.8913206","60.7949935043289","0.019299999","http://www.sec.gov/cgi-bin/browse-edgar?action=getcompany&CIK=DGX",,,,
"DHI","D. R. Horton","Homebuilding","Homebuilding","141.9","133.02","199.85","45525630976","6202899968","14.13","10.0424628450106","1.2370625","78.1190087771303","0.0108","http://www.sec.gov/cgi-bin/browse-edgar?action=getcompany&CIK=DHI",,,,
"DHR","Danaher Corporation","Life Sciences Tools & Services","Life Sciences Tools & Services","222.74","222.365","281.7","160172343296","7511000064","5.29","42.1058601134215","6.7463713","71.0319953312902","0.0047999998","http://www.sec.gov/cgi-bin/browse-edgar?action=getcompany&CIK=DHR",,,,
"DIS","Walt Disney Company (The)","Movies & Entertainment","Movies & Entertainment","113.06","83.91","123.74","205133807616","16750999552","2.71","41.719557195572","2.2785556","55.4090011054846","0.0082","http://www.sec.gov/cgi-bin/browse-edgar?action=getcompany&CIK=DIS",,,,
"DLR","Digital Realty","Data Center REITs","Data Center REITs","163.86","131.42","198.0","55402541056","2337596928","1.23","133.219512195122","10.307729","61.911997079791","0.0297","http://www.sec.gov/cgi-bin/browse-edgar?action=getcompany&CIK=DLR",,,,
"DLTR","Dollar Tree","Consumer Staples Merchandise Retail","Consumer Staples Merchandise Retail","73.35","60.49","151.22","15773111296","2604699904","-4.7","-15.6063829787234","0.5093638","33.5610021429626","","http://www.sec.gov/cgi-bin/browse-edgar?action=getcompany&CIK=DLTR",,,,
"DOC","Healthpeak Properties","Health Care REITs","Health Care REITs","20.66","16.02","23.26","14450492416","1400305024","0.49","42.1632653061224","5.6533074","12.2429999640295","0.0585","http://www.sec.gov/cgi-bin/browse-edgar?action=getcompany&CIK=DOC",,,,
"DOV","Dover Corporation","Industrial Machinery & Supplies & Components","Industrial Machinery & Supplies & Components","203.68","156.0","208.305","27943266304","1765938048","10.09","20.1863230921705","3.2973301","41.5330016892154","0.0104","http://www.sec.gov/cgi-bin/browse-edgar?action=getcompany&CIK=DOV",,,,
"DOW","Dow Inc.","Commodity Chemicals","Commodity Chemicals","39.05","38.33","60.69","27476086784","4851999744","1.57","24.8726114649681","0.6363151","26.1550011677655","0.0682","http://www.sec.gov/cgi-bin/browse-edgar?action=getcompany&CIK=DOW",,,,
"DPZ","Domino's","Restaurants","Restaurants","449.12","396.06","542.75","15509011456","921121024","16.27","27.6041794714198","3.3242092",,"0.0134000005","http://www.sec.gov/cgi-bin/browse-edgar?action=getcompany&CIK=DPZ",,,,
"DRI","Darden Restaurants","Restaurants","Restaurants","195.24","135.87","196.8","22871781376","1789500032","8.75","22.3131428571429","2.0034146","18.8659992254156","0.035","http://www.sec.gov/cgi-bin/browse-edgar?action=getcompany&CIK=DRI",,,,
"DTE","DTE Energy","Multi-Utilities","Multi-Utilities","119.88","102.78","131.67","24827267072","3448000000","7.37","16.2659430122117","1.9997799","55.9729977443648","0.0365","http://www.sec.gov/cgi-bin/browse-edgar?action=getcompany&CIK=DTE",,,,
"DUK","Duke Energy","Electric Utilities","Electric Utilities","111.99","90.09","121.25","86510256128","14106000384","5.57","20.1059245960503","2.9078102","62.383000540441","0.0372","http://www.sec.gov/cgi-bin/browse-edgar?action=getcompany&CIK=DUK",,,,
"DVA","DaVita","Health Care Services","Health Care Services","176.2","108.76","179.6","14452628480","2657765120","9.28","18.9870689655172","1.1410017","4.67999983213621","","http://www.sec.gov/cgi-bin/browse-edgar?action=getcompany&CIK=DVA",,,,
"DVN","Devon Energy","Oil & Gas Exploration & Production","Oil & Gas Exploration & Production","34.1","30.39","55.09","22400288768","7622000128","5.4","6.31481481481481","1.5417639","21.6980002333967","0.0414","http://www.sec.gov/cgi-bin/browse-edgar?action=getcompany&CIK=DVN",,,,
"DXCM","Dexcom","Health Care Equipment","Health Care Equipment","86.83","62.34","142.0","33915365376","840400000","1.65","52.6242424242424","8.577482","5.06699958812757","","http://www.sec.gov/cgi-bin/browse-edgar?action=getcompany&CIK=DXCM",,,,
"EA","Electronic Arts","Interactive Home Entertainment","Interactive Home Entertainment","122.91","115.21","168.5","32235974656","1890000000","3.9","31.5153846153846","4.350921","28.1509975441455","0.0064","http://www.sec.gov/cgi-bin/browse-edgar?action=getcompany&CIK=EA",,,,
"EBAY","eBay","Broadline Retail","Broadline Retail","67.48","40.74","71.52","32342085632","2619000064","3.97","16.9974811083123","3.1504076","11.2449986585323","0.016","http://www.sec.gov/cgi-bin/browse-edgar?action=getcompany&CIK=EBAY",,,,
"ECL","Ecolab","Specialty Chemicals","Specialty Chemicals","250.19","195.49","262.61","70844301312","3538599936","7.12","35.1390449438202","4.5196877","23.4580013734074","0.010299999","http://www.sec.gov/cgi-bin/browse-edgar?action=getcompany&CIK=ECL",,,,
"ED","Consolidated Edison","Multi-Utilities","Multi-Utilities","93.74","85.85","107.75","32476971008","5555999744","5.32","17.6203007518797","2.160666","63.289002674963","0.036199998","http://www.sec.gov/cgi-bin/browse-edgar?action=getcompany&CIK=ED",,,,
"EFX","Equifax","Research & Consulting Services","Research & Consulting Services","274.78","213.02","309.63","34059530240","1697699968","4.51","60.9268292682927","6.094902","39.6210007164887","0.0056","http://www.sec.gov/cgi-bin/browse-edgar?action=getcompany&CIK=EFX",,,,
"EG","Everest Group","Reinsurance","Reinsurance","347.51","343.76","407.3","14935493632","","64.12","5.41968184653774","0.9086784","356.627989840695","0.0227","http://www.sec.gov/cgi-bin/browse-edgar?action=getcompany&CIK=EG",,,,
"EIX","Edison International","Electric Utilities","Electric Utilities","54.0","53.26","88.77","20906100736","6444000256","3.42","15.7894736842105","1.20698","36.2080004795549","0.0612","http://www.sec.gov/cgi-bin/browse-edgar?action=getcompany&CIK=EIX",,,,
"EL","Estée Lauder Companies (The)","Personal Care Products","Personal Care Products","83.43","62.29","159.75","29949534208","2438000128","0.56","148.982142857143","1.9383557","14.1620001775555","0.0164","http://www.sec.gov/cgi-bin/browse-edgar?action=getcompany&CIK=EL",,,,
"ELV","Elevance Health","Managed Health Care","Managed Health Care","395.7","362.21","567.26","91771936768","11347999744","25.68","15.4088785046729","0.52737945","188.742999289865","0.0167","http://www.sec.gov/cgi-bin/browse-edgar?action=getcompany&CIK=ELV",,,,
"EMN","Eastman Chemical Company","Specialty Chemicals",,"99.65","80.71","114.5","11550730240","1684000000","7.67","12.9921773142112","1.2361655","48.7999999216458","0.0358","http://www.sec.gov/cgi-bin/browse-edgar?action=getcompany&CIK=EMN",,,,
"EMR","Emerson Electric","Electrical Components & Equipment","Electrical Components & Equipment","129.95","92.16","134.85","74010550272","4614000128","2.82","46.0815602836879","4.231108","37.9450003936118","0.0162","http://www.sec.gov/cgi-bin/browse-edgar?action=getcompany&CIK=EMR",,,,
"ENPH","Enphase Energy","Semiconductor Materials & Equipment",,"62.28","58.33","141.63","8414464512","102900000","0.46","135.391304347826","6.7302794","6.8950002612749","","http://www.sec.gov/cgi-bin/browse-edgar?action=getcompany&CIK=ENPH",,,,
"EOG","EOG Resources","Oil & Gas Exploration & Production","Oil & Gas Exploration & Production","125.79","108.94","139.67","70750584832","13168000000","12.39","10.1525423728814","2.9647412","52.3690009985456","0.0301","http://www.sec.gov/cgi-bin/browse-edgar?action=getcompany&CIK=EOG",,,,
"EPAM","EPAM Systems","IT Consulting & Other Services","IT Consulting & Other Services","253.96","169.43","317.5","14404967424","659422016","7.69","33.0247074122237","3.1066306","62.6730010259261","","http://www.sec.gov/cgi-bin/browse-edgar?action=getcompany&CIK=EPAM",,,,
"EQIX","Equinix","Data Center REITs","Data Center REITs","913.66","684.14","994.03","88157405184","3352907008","11.07","82.5347786811201","10.493067","140.826009916361","0.0185","http://www.sec.gov/cgi-bin/browse-edgar?action=getcompany&CIK=EQIX",,,,
"EQR","Equity Residential","Multi-Family Residential REITs","Multi-Family Residential REITs","70.63","57.33","78.83","27622897664","1796182016","2.37","29.8016877637131","9.392895","28.5660020652617","0.0387","http://www.sec.gov/cgi-bin/browse-edgar?action=getcompany&CIK=EQR",,,,
"EQT","EQT Corporation","Oil & Gas Exploration & Production","Oil & Gas Exploration & Production","51.12","30.02","54.85","30502488064","2601137920","0.75","68.16","6.597917","34.1030013376355","0.012200001","http://www.sec.gov/cgi-bin/browse-edgar?action=getcompany&CIK=EQT",,,,
"ERIE","Erie Indemnity","Insurance Brokers","Insurance Brokers","402.95","339.78","547.0","21070215168","710918720","10.7","37.6588785046729","5.71211","37.2529983833151","0.0137","http://www.sec.gov/cgi-bin/browse-edgar?action=getcompany&CIK=ERIE",,,,
"ES","Eversource Energy","Electric Utilities","Electric Utilities","57.68","52.71","69.01","21134065664","4149131008","-1.61","-35.8260869565217","1.8182095","41.3429965659079","0.052399997","http://www.sec.gov/cgi-bin/browse-edgar?action=getcompany&CIK=ES",,,,
"ESS","Essex Property Trust","Multi-Family Residential REITs","Multi-Family Residential REITs","284.57","223.06","317.73","18952333312","1109452032","8.55","33.2830409356725","10.814825","84.5500017277234","0.0349","http://www.sec.gov/cgi-bin/browse-edgar?action=getcompany&CIK=ESS",,,,
"ETN","Eaton Corporation","Electrical Components & Equipment","Electrical Components & Equipment","326.44","255.65","379.99","129009090560","5449999872","9.39","34.7646432374867","5.2432065","48.3730007053828","0.0115","http://www.sec.gov/cgi-bin/browse-edgar?action=getcompany&CIK=ETN",,,,
"ETR","Entergy","Electric Utilities","Electric Utilities","81.08","48.075","84.26","34768400384","4596974080","4.12","19.6796116504854","2.9310362","70.1130014391844","0.0296","http://www.sec.gov/cgi-bin/browse-edgar?action=getcompany&CIK=ETR",,,,
"EVRG","Evergy","Electric Utilities","Electric Utilities","64.17","48.04","65.47","14775976960","2564199936","3.7","17.3432432432432","2.5573707","43.5930007452997","0.0416","http://www.sec.gov/cgi-bin/browse-edgar?action=getcompany&CIK=EVRG",,,,
"EW","Edwards Lifesciences","Health Care Equipment","Health Care Equipment","72.45","58.93","96.12","43185123328","2052400000","2.56","28.30078125","6.838608","16.1839999949963","","http://www.sec.gov/cgi-bin/browse-edgar?action=getcompany&CIK=EW",,,,
"EXC","Exelon","Electric Utilities","Electric Utilities","40.0","33.35","41.19","40193200128","7148000256","2.43","16.4609053497942","1.7533242","26.4939982152318","0.038","http://www.sec.gov/cgi-bin/browse-edgar?action=getcompany&CIK=EXC",,,,
"EXPD","Expeditors International","Air Freight & Logistics","Air Freight & Logistics","113.58","108.36","131.59","15898474496","1006916992","5.13","22.140350877193","1.602091","16.8369990964974","0.0128","http://www.sec.gov/cgi-bin/browse-edgar?action=getcompany&CIK=EXPD",,,,
"EXPE","Expedia Group","Hotels, Resorts & Cruise Lines","Hotels, Resorts & Cruise Lines","170.95","107.25","192.34","21940748288","1720000000","7.69","22.2301690507152","1.6381028","10.2609997376978","","http://www.sec.gov/cgi-bin/browse-edgar?action=getcompany&CIK=EXPE",,,,
"EXR","Extra Space Storage","Self-Storage REITs","Self-Storage REITs","154.0","131.02","184.87","33966393344","2260791040","3.74","41.1764705882353","10.257874","66.0930022960881","0.0419","http://www.sec.gov/cgi-bin/browse-edgar?action=getcompany&CIK=EXR",,,,
"F","Ford Motor Company","Automobile Manufacturers","Automobile Manufacturers","10.08","9.49","14.85","40060841984","9360000000","0.88","11.4545454545455","0.21921957","11.149999684747","0.0591","http://www.sec.gov/cgi-bin/browse-edgar?action=getcompany&CIK=F",,,,
"FANG","Diamondback Energy","Oil & Gas Exploration & Production","Oil & Gas Exploration & Production","164.36","147.93","214.5","47991312384","6817999872","17.33","9.48413156376226","5.2409425","127.856009675859","0.048600003","http://www.sec.gov/cgi-bin/browse-edgar?action=getcompany&CIK=FANG",,,,
"FAST","Fastenal","Trading Companies & Distributors","Trading Companies & Distributors","73.24","61.36","84.88","41989955584","1693200000","2.0","36.62","5.6135554","6.27899986608687","0.0209","http://www.sec.gov/cgi-bin/browse-edgar?action=getcompany&CIK=FAST",,,,
"FCX","Freeport-McMoRan","Copper","Copper","35.85","35.46","55.24","52648947712","9900000256","1.27","28.2283464566929","2.0533912","12.2120003256533","0.0153","http://www.sec.gov/cgi-bin/browse-edgar?action=getcompany&CIK=FCX",,,,
"FDS","FactSet","Financial Exchanges & Data","Financial Exchanges & Data","474.41","391.84","499.87","18041812992","831163008","13.97","33.9591982820329","8.189447","50.3910000002124","0.0088","http://www.sec.gov/cgi-bin/browse-edgar?action=getcompany&CIK=FDS",,,,
"FDX","FedEx","Air Freight & Logistics","Air Freight & Logistics","264.87","234.45","313.84","63794204672","10885000192","15.67","16.9029993618379","0.72831917","112.901003803179","0.02","http://www.sec.gov/cgi-bin/browse-edgar?action=getcompany&CIK=FDX",,,,
"FE","FirstEnergy","Electric Utilities","Electric Utilities","39.8","35.41","44.97","22937415680","3924000000","1.55","25.6774193548387","1.7302116","21.5630000157659","0.0428","http://www.sec.gov/cgi-bin/browse-edgar?action=getcompany&CIK=FE",,,,
"FFIV","F5, Inc.","Communications Equipment","Communications Equipment","297.26","159.01","308.0","17245569024","782097984","10.04","29.6075697211155","6.1238756","53.8670004441862","","http://www.sec.gov/cgi-bin/browse-edgar?action=getcompany&CIK=FFIV",,,,
"FI","Fiserv","Transaction & Payment Processing Services",,"216.04","137.13","223.23","122909253632","8766000128","5.18","41.7065637065637","6.108203","48.6860029994941","","http://www.sec.gov/cgi-bin/browse-edgar?action=getcompany&CIK=FI",,,,
"FICO","Fair Isaac","Application Software","Application Software","1873.56","1105.65","2402.52","45795053568","747456000","20.53","91.2596200681929","26.663383",,"","http://www.sec.gov/cgi-bin/browse-edgar?action=getcompany&CIK=FICO",,,,
"FIS","Fidelity National Information Services","Transaction & Payment Processing Services","Transaction & Payment Processing Services","81.47","60.39","91.98","43859701760","3571000064","0.97","83.9896907216495","4.372416","30.5140000344579","0.0175","http://www.sec.gov/cgi-bin/browse-edgar?action=getcompany&CIK=FIS",,,,
"FITB","Fifth Third Bancorp","Regional Banks","Regional Banks","44.31","32.29","49.07","29681231872","","3.14","14.1114649681529","3.6811647","27.6039990475966","0.0334","http://www.sec.gov/cgi-bin/browse-edgar?action=getcompany&CIK=FITB",,,,
"FMC","FMC Corporation","Fertilizers & Agricultural Chemicals",,"55.78","47.71","68.72","6963352064","703299968","12.19","4.57588187038556","1.67071","36.9110005501579","0.041100003","http://www.sec.gov/cgi-bin/browse-edgar?action=getcompany&CIK=FMC",,,,
"FOX","Fox Corporation (Class B)","Broadcasting","Broadcasting","48.6","25.815","49.29","22786205696","3025999872","4.09","11.8826405867971","1.5893286","24.6290003438431","0.0112","http://www.sec.gov/cgi-bin/browse-edgar?action=getcompany&CIK=FOX",,,,
"FOXA","Fox Corporation (Class A)","Broadcasting","Broadcasting","51.18","28.285","52.04","22749509632","3025999872","4.09","12.5134474327628","1.5867691","24.6289986391973","0.0106","http://www.sec.gov/cgi-bin/browse-edgar?action=getcompany&CIK=FOXA",,,,
"FRT","Federal Realty Investment Trust","Retail REITs","Retail REITs","108.63","95.98","118.34","9297924096","739025984","3.44","31.578488372093","7.8462167","34.7450002286907","0.040599998","http://www.sec.gov/cgi-bin/browse-edgar?action=getcompany&CIK=FRT",,,,
"FSLR","First Solar","Semiconductors","Semiconductors","167.52","135.88","306.77","17934356480","1716966016","11.62","14.4165232358003","4.6572933","70.9300006169115","","http://www.sec.gov/cgi-bin/browse-edgar?action=getcompany&CIK=FSLR",,,,
"FTNT","Fortinet","Systems Software","Systems Software","100.88","54.57","102.87","77319774208","1727900032","1.99","50.6934673366834","13.53922","1.18600002680492","","http://www.sec.gov/cgi-bin/browse-edgar?action=getcompany&CIK=FTNT",,,,
"FTV","Fortive","Industrial Machinery & Supplies & Components","Industrial Machinery & Supplies & Components","81.33","66.15","87.1","28217362432","1698499968","2.5","32.532","4.5547137","30.4259999129082","0.0039","http://www.sec.gov/cgi-bin/browse-edgar?action=getcompany&CIK=FTV",,,,
"GD","General Dynamics","Aerospace & Defense","Aerospace & Defense","256.98","247.01","316.9","69472231424","5402999808","13.62","18.8678414096916","1.5087571","83.6819974682435","0.0216","http://www.sec.gov/cgi-bin/browse-edgar?action=getcompany&CIK=GD",,,,
"GDDY","GoDaddy","Internet Services & Infrastructure","Internet Services & Infrastructure","212.65","107.08","215.8","29977694208","1015600000","12.42","17.121578099839","6.6901054","2.54200008128662","","http://www.sec.gov/cgi-bin/browse-edgar?action=getcompany&CIK=GDDY",,,,
"GE","GE Aerospace","Aerospace & Defense","Aerospace & Defense","203.57","107.773346","207.65","218571079680","8935000064","6.08","33.4819078947368","3.1245418","17.4389986278043","0.0058999998","http://www.sec.gov/cgi-bin/browse-edgar?action=getcompany&CIK=GE",,,,
"GEHC","GE HealthCare","Health Care Equipment","Health Care Equipment","88.3","72.52","94.55","40341884928","3571000064","3.65","24.1917808219178","2.062574","18.2049994268415","0.0016","http://www.sec.gov/cgi-bin/browse-edgar?action=getcompany&CIK=GEHC",,,,
"GEN","Gen Digital","Systems Software","Systems Software","26.91","19.08","31.72","17188493312","1808999936","0.97","27.7422680412371","4.449519","3.52600003768404","0.0179","http://www.sec.gov/cgi-bin/browse-edgar?action=getcompany&CIK=GEN",,,,
"GEV","GE Vernova","Heavy Electrical Equipment","Heavy Electrical Equipment","372.88","119.0","447.5","102785867776","1396999936","5.59","66.7048300536673","2.9860516","34.5089973455614","0.0023999999","http://www.sec.gov/cgi-bin/browse-edgar?action=getcompany&CIK=GEV",,,,
"GILD","Gilead Sciences","Biotechnology","Biotechnology","97.2","62.07","98.9","121137438720","13948999680","0.09","1080","4.2806263","14.8270000280676","0.0318","http://www.sec.gov/cgi-bin/browse-edgar?action=getcompany&CIK=GILD",,,,
"GIS","General Mills","Packaged Foods & Meats","Packaged Foods & Meats","60.14","57.94","75.9","33151031296","4214599936","4.6","13.0739130434783","1.6742437","16.806998865821","0.0364","http://www.sec.gov/cgi-bin/browse-edgar?action=getcompany&CIK=GIS",,,,
"GL","Globe Life","Life & Health Insurance","Life & Health Insurance","122.09","38.95","132.0","10248857600","1495667968","11.8","10.3466101694915","1.7894174","55.0410059777355","0.0078","http://www.sec.gov/cgi-bin/browse-edgar?action=getcompany&CIK=GL",,,,
"GLW","Corning Inc.","Electronic Components","Electronic Components","52.08","30.72","55.33","44539285504","2607000064","0.58","89.7931034482759","3.5317805","13.6400000649524","0.0219","http://www.sec.gov/cgi-bin/browse-edgar?action=getcompany&CIK=GLW",,,,
"GM","General Motors","Automobile Manufacturers","Automobile Manufacturers","49.46","37.6","61.24","49252614144","18371000320","6.37","7.76452119309262","0.26955387","64.4860019742678","0.0087","http://www.sec.gov/cgi-bin/browse-edgar?action=getcompany&CIK=GM",,,,
"GNRC","Generac","Electrical Components & Equipment","Electrical Components & Equipment","149.33","108.89","195.94","8884731904","660542976","4.8","31.1104166666667","2.1540296","40.4970015052475","","http://www.sec.gov/cgi-bin/browse-edgar?action=getcompany&CIK=GNRC",,,,
"GOOG","Alphabet Inc. (Class C)","Interactive Media & Services","Interactive Media & Services","205.6","131.55","207.08","2504763113472","123469996032","7.54","27.2679045092838","7.3700066","25.6129990454922","0.0039","http://www.sec.gov/cgi-bin/browse-edgar?action=getcompany&CIK=GOOG",,,,
"GOOGL","Alphabet Inc. (Class A)","Interactive Media & Services","Interactive Media & Services","204.02","130.67","205.48","2507303813120","123469996032","7.53","27.0942895086321","7.377482","25.6130008890857","0.004","http://www.sec.gov/cgi-bin/browse-edgar?action=getcompany&CIK=GOOGL",,,,
"GPC","Genuine Parts Company","Distributors","Distributors","116.25","112.74","164.45","16162934784","2055010944","7.76","14.9806701030928","0.6936203","33.7690013813482","0.0339","http://www.sec.gov/cgi-bin/browse-edgar?action=getcompany&CIK=GPC",,,,
"GPN","Global Payments","Transaction & Payment Processing Services","Transaction & Payment Processing Services","112.85","91.6","141.78","28719761408","4356144128","5.3","21.2924528301887","2.8650084","89.6670005176611","0.0089","http://www.sec.gov/cgi-bin/browse-edgar?action=getcompany&CIK=GPN",,,,
"GRMN","Garmin","Consumer Electronics","Consumer Electronics","215.85","119.27","222.97","41448595456","1596897024","7.88","27.3921319796954","6.958148","39.0689976417421","0.0138","http://www.sec.gov/cgi-bin/browse-edgar?action=getcompany&CIK=GRMN",,,,
"GS","Goldman Sachs","Investment Banking & Brokerage","Investment Banking & Brokerage","640.4","375.2","650.0","200457388032","","40.22","15.9224266534063","4.05891","327.61096964713","0.021","http://www.sec.gov/cgi-bin/browse-edgar?action=getcompany&CIK=GS",,,,
"GWW","W. W. Grainger","Industrial Machinery & Supplies & Components","Industrial Machinery & Supplies & Components","1062.67","874.98","1227.66","51752243200","2836999936","36.94","28.7674607471576","3.0564756","71.9189974451014","0.0073","http://www.sec.gov/cgi-bin/browse-edgar?action=getcompany&CIK=GWW",,,,
"HAL","Halliburton","Oil & Gas Equipment & Services","Oil & Gas Equipment & Services","26.02","25.51","41.56","22858622976","5112000000","2.83","9.19434628975265","0.99070877","11.7269999481254","0.023","http://www.sec.gov/cgi-bin/browse-edgar?action=getcompany&CIK=HAL",,,,
"HAS","Hasbro","Leisure Products","Leisure Products","57.84","46.09","73.46","8068737536","772200000","-4.64","-12.4655172413793","1.8665534","9.22799994715917","0.047","http://www.sec.gov/cgi-bin/browse-edgar?action=getcompany&CIK=HAS",,,,
"HBAN","Huntington Bancshares","Regional Banks","Regional Banks","17.2","12.05","18.45","25002608640","","1.22","14.0983606557377","3.737311","12.5360000029153","0.0368","http://www.sec.gov/cgi-bin/browse-edgar?action=getcompany&CIK=HBAN",,,,
"HCA","HCA Healthcare","Health Care Facilities","Health Care Facilities","329.91","289.98","417.14","83565207552","13747000320","21.98","15.0095541401274","1.2002875",,"0.0081","http://www.sec.gov/cgi-bin/browse-edgar?action=getcompany&CIK=HCA",,,,
"HD","Home Depot (The)","Home Improvement Retail","Home Improvement Retail","411.98","323.77","439.37","411748892672","24757999616","14.63","28.1599453178401","2.6633863","5.83900017858003","0.0217","http://www.sec.gov/cgi-bin/browse-edgar?action=getcompany&CIK=HD",,,,
"HES","Hess Corporation","Integrated Oil & Gas",,"139.03","123.79","163.98","42837647360","6984999936","8.98","15.4821826280624","3.437186","35.2359995890189","0.0138","http://www.sec.gov/cgi-bin/browse-edgar?action=getcompany&CIK=HES",,,,
"HIG","Hartford (The)","Property & Casualty Insurance","Property & Casualty Insurance","111.55","88.06","124.9","32337342464","4254000128","10.35","10.7777777777778","1.2397387","57.3349963823185","0.0182","http://www.sec.gov/cgi-bin/browse-edgar?action=getcompany&CIK=HIG",,,,
"HII","Huntington Ingalls Industries","Aerospace & Defense","Aerospace & Defense","197.26","184.29","299.5","7718645248","1071000000","17.69","11.1509327303561","0.6592625","107.414005902053","0.0276","http://www.sec.gov/cgi-bin/browse-edgar?action=getcompany&CIK=HII",,,,
"HLT","Hilton Worldwide","Hotels, Resorts & Cruise Lines","Hotels, Resorts & Cruise Lines","256.07","186.83","259.01","62424748032","2456999936","4.67","54.8329764453961","13.296006",,"0.0023","http://www.sec.gov/cgi-bin/browse-edgar?action=getcompany&CIK=HLT",,,,
"HOLX","Hologic","Health Care Equipment",,"72.14","68.61","84.67","16283657216","1242700032","3.32","21.7289156626506","4.0835733","21.9439999099609","","http://www.sec.gov/cgi-bin/browse-edgar?action=getcompany&CIK=HOLX",,,,
"HON","Honeywell","Industrial Conglomerates","Industrial Conglomerates","223.72","189.75","242.77","145694507008","9164000256","8.66","25.8337182448037","3.8492603","26.7680018761053","0.0202","http://www.sec.gov/cgi-bin/browse-edgar?action=getcompany&CIK=HON",,,,
"HPE","Hewlett Packard Enterprise","Technology Hardware, Storage & Peripherals","Technology Hardware, Storage & Peripherals","21.19","14.465","24.66","27871844352","4909000192","1.93","10.979274611399","0.9604357","17.0039995910695","0.024","http://www.sec.gov/cgi-bin/browse-edgar?action=getcompany&CIK=HPE",,,,
"HPQ","HP Inc.","Technology Hardware, Storage & Peripherals","Technology Hardware, Storage & Peripherals","32.5","27.43","39.8","30478436352","5045000192","2.81","11.5658362989324","0.5716029",,"0.028199999","http://www.sec.gov/cgi-bin/browse-edgar?action=getcompany&CIK=HPQ",,,,
"HRL","Hormel Foods","Packaged Foods & Meats","Packaged Foods & Meats","29.98","28.51","36.86","16459409408","1353831040","1.47","20.3945578231293","1.3738172","14.3470004384497","0.0365","http://www.sec.gov/cgi-bin/browse-edgar?action=getcompany&CIK=HRL",,,,
"HSIC","Henry Schein","Health Care Distributors","Health Care Distributors","80.0","63.67","82.63","9933440000","922000000","2.44","32.7868852459016","0.79473877","27.9890014419934","","http://www.sec.gov/cgi-bin/browse-edgar?action=getcompany&CIK=HSIC",,,,
"HST","Host Hotels & Resorts","Hotel & Resort REITs","Hotel & Resort REITs","16.71","15.71","21.31","11839519744","1515000064","1.03","16.2233009708738","2.117982","9.60200080183315","0.0481","http://www.sec.gov/cgi-bin/browse-edgar?action=getcompany&CIK=HST",,,,
"HSY","Hershey Company (The)","Packaged Foods & Meats","Packaged Foods & Meats","149.25","147.6","211.92","30201485312","2952748032","8.7","17.1551724137931","2.7526376","20.7810008324932","0.036","http://www.sec.gov/cgi-bin/browse-edgar?action=getcompany&CIK=HSY",,,,
"HUBB","Hubbell Incorporated","Industrial Machinery & Supplies & Components","Industrial Machinery & Supplies & Components","423.01","342.85","481.345","22703159296","1266200064","13.91","30.4104960460101","4.025383","59.9019981163179","0.0124","http://www.sec.gov/cgi-bin/browse-edgar?action=getcompany&CIK=HUBB",,,,
"HUM","Humana","Managed Health Care","Managed Health Care","293.23","213.31","406.46","35308118016","3779000064","11.46","25.587260034904","0.3070004","145.874998016313","0.0119","http://www.sec.gov/cgi-bin/browse-edgar?action=getcompany&CIK=HUM",,,,
"HWM","Howmet Aerospace","Aerospace & Defense","Aerospace & Defense","126.58","57.0","129.1","51424518144","1772000000","2.6","48.6846153846154","7.0735235","10.9250000215773","0.0031","http://www.sec.gov/cgi-bin/browse-edgar?action=getcompany&CIK=HWM",,,,
"IBM","IBM","IT Consulting & Other Services","IT Consulting & Other Services","255.7","162.62","257.235","238808203264","14675999744","6.37","40.1412872841444","3.8160467","26.4400002771185","0.0292","http://www.sec.gov/cgi-bin/browse-edgar?action=getcompany&CIK=IBM",,,,
"ICE","Intercontinental Exchange","Financial Exchanges & Data","Financial Exchanges & Data","159.83","124.34","167.99","91770716160","5558000128","4.21","37.9643705463183","10.021919","47.4439994279292","0.0113","http://www.sec.gov/cgi-bin/browse-edgar?action=getcompany&CIK=ICE",,,,
"IDXX","Idexx Laboratories","Health Care Equipment","Health Care Equipment","422.05","398.5","583.39","34559438848","1299420032","10.35","40.7777777777778","8.988579","19.7230003784311","","http://www.sec.gov/cgi-bin/browse-edgar?action=getcompany&CIK=IDXX",,,,
"IEX","IDEX Corporation","Industrial Machinery & Supplies & Components","Industrial Machinery & Supplies & Components","224.31","189.51","246.36","16985492480","862700032","6.45","34.7767441860465","5.3166056","50.3149986743273","0.0123000005","http://www.sec.gov/cgi-bin/browse-edgar?action=getcompany&CIK=IEX",,,,
"IFF","International Flavors & Fragrances","Specialty Chemicals","Specialty Chemicals","87.09","72.94","106.77","22267344896","1876000000","-9.08","-9.59140969162996","1.9505382","57.7830036891154","0.0182","http://www.sec.gov/cgi-bin/browse-edgar?action=getcompany&CIK=IFF",,,,
"INCY","Incyte","Biotechnology","Biotechnology","74.16","50.35","83.95","14286924800","80491000","0.09","824","3.505254","16.4479995031888","","http://www.sec.gov/cgi-bin/browse-edgar?action=getcompany&CIK=INCY",,,,
"INTC","Intel","Semiconductors","Semiconductors","19.43","18.51","46.63","84131897344","10439000064","-4.38","-4.43607305936073","1.5509042","23.0990015120751","0.0224","http://www.sec.gov/cgi-bin/browse-edgar?action=getcompany&CIK=INTC",,,,
"INTU","Intuit","Application Software","Application Software","601.51","557.29","714.78","168372879360","4496000000","10.28","58.5126459143969","10.339139","65.7799983793128","0.0061000003","http://www.sec.gov/cgi-bin/browse-edgar?action=getcompany&CIK=INTU",,,,
"INVH","Invitation Homes","Single-Family Residential REITs","Single-Family Residential REITs","31.15","30.13","37.8","19082676224","1407630976","0.72","43.2638888888889","7.470035","16.1869997034895","0.0374","http://www.sec.gov/cgi-bin/browse-edgar?action=getcompany&CIK=INVH",,,,
"IP","International Paper","Paper & Plastic Packaging Products & Materials","Paper & Plastic Packaging Products & Materials","55.63","32.7","60.36","19326308352","1955000064","1.57","35.4331210191083","1.0368192","24.8390019213055","0.0319","http://www.sec.gov/cgi-bin/browse-edgar?action=getcompany&CIK=IP",,,,
"IPG","Interpublic Group of Companies (The)","Advertising",,"28.67","26.3","35.17","10680005632","1732099968","2.12","13.5235849056604","1.1436042","10.0020000511438","0.046","http://www.sec.gov/cgi-bin/browse-edgar?action=getcompany&CIK=IPG",,,,
"IQV","IQVIA","Life Sciences Tools & Services","Life Sciences Tools & Services","201.36","187.62","261.73","36546838528","2827000064","7.61","26.4599211563732","2.3863428","38.36500087634","","http://www.sec.gov/cgi-bin/browse-edgar?action=getcompany&CIK=IQV",,,,
"IR","Ingersoll Rand","Industrial Machinery & Supplies & Components","Industrial Machinery & Supplies & Components","93.8","81.59","106.03","37887229952","1901100032","2.04","45.9803921568627","5.293139","25.4549986018747","0.00090000004","http://www.sec.gov/cgi-bin/browse-edgar?action=getcompany&CIK=IR",,,,
"IRM","Iron Mountain","Other Specialized REITs","Other Specialized REITs","101.57","66.2","130.24","29806731264","2001980032","0.36","282.138888888889","4.9773626",,"0.027999999","http://www.sec.gov/cgi-bin/browse-edgar?action=getcompany&CIK=IRM",,,,
"ISRG","Intuitive Surgical","Health Care Equipment","Health Care Equipment","571.88","364.17","616.0","203691655168","2505100032","6.44","88.8012422360248","25.892239","43.7490021489704","","http://www.sec.gov/cgi-bin/browse-edgar?action=getcompany&CIK=ISRG",,,,
"IT","Gartner","IT Consulting & Other Services","IT Consulting & Other Services","542.83","411.15","559.0","41870815232","1298909952","13.54","40.0908419497784","6.8211174","13.7369996340967","","http://www.sec.gov/cgi-bin/browse-edgar?action=getcompany&CIK=IT",,,,
"ITW","Illinois Tool Works","Industrial Machinery & Supplies & Components","Industrial Machinery & Supplies & Components","259.16","232.77","279.13","76529950720","4652000256","11.55","22.4380952380952","4.798417","11.4829995246581","0.0231","http://www.sec.gov/cgi-bin/browse-edgar?action=getcompany&CIK=ITW",,,,
"IVZ","Invesco","Asset Management & Custody Banks","Asset Management & Custody Banks","19.23","14.16","19.51","8615040000","1053000000","1.18","16.2966101694915","1.4633013","23.9050005581563","0.0462","http://www.sec.gov/cgi-bin/browse-edgar?action=getcompany&CIK=IVZ",,,,
"J","Jacobs Solutions","Construction & Engineering","Construction & Engineering","140.13","111.22807","150.54","17378502656","1476304000","4.8","29.19375","1.0253645","53.2519951827332","0.0083","http://www.sec.gov/cgi-bin/browse-edgar?action=getcompany&CIK=J",,,,
"JBHT","J.B. Hunt","Cargo Ground Transportation","Cargo Ground Transportation","171.22","153.12","219.51","17217028096","1577556992","5.56","30.794964028777","1.4060966","39.672999208301","0.0092","http://www.sec.gov/cgi-bin/browse-edgar?action=getcompany&CIK=JBHT",,,,
"JBL","Jabil","Electronic Manufacturing Services","Electronic Manufacturing Services","162.41","95.85","174.8","17789579264","2143000064","10.59","15.3361661945231","0.6159187","15.2709998344176","0.0022","http://www.sec.gov/cgi-bin/browse-edgar?action=getcompany&CIK=JBL",,,,
"JCI","Johnson Controls","Building Products","Building Products","78.0","52.79","87.16","51490840576","3232000000","2.08","37.5","2.2434142","24.1970008127711","0.0189","http://www.sec.gov/cgi-bin/browse-edgar?action=getcompany&CIK=JCI",,,,
"JKHY","Jack Henry & Associates","Transaction & Payment Processing Services","Transaction & Payment Processing Services","174.09","157.0","189.63","12701484032","571171968","5.47","31.8263254113346","5.657281","26.3850003341888","0.0126","http://www.sec.gov/cgi-bin/browse-edgar?action=getcompany&CIK=JKHY",,,,
"JNJ","Johnson & Johnson","Pharmaceuticals","Pharmaceuticals","152.15","140.68","168.85","368053878784","30051999744","5.77","26.369150779896","4.196929","29.1439994573834","0.0335","http://www.sec.gov/cgi-bin/browse-edgar?action=getcompany&CIK=JNJ",,,,
"JNPR","Juniper Networks","Communications Equipment",,"34.86","34.3","39.79","11541762048","498500000","0.76","45.8684210526316","2.292625","14.0309994929762","0.0256","http://www.sec.gov/cgi-bin/browse-edgar?action=getcompany&CIK=JNPR",,,,
"JPM","JPMorgan Chase","Diversified Banks","Diversified Banks","267.3","172.62","270.82","747798462464","","19.74","13.5410334346505","4.6118264","115.150010782659","0.0202","http://www.sec.gov/cgi-bin/browse-edgar?action=getcompany&CIK=JPM",,,,
"K","Kellanova","Packaged Foods & Meats",,"81.73","52.46","82.06","28172167168","2032000000","2.99","27.3344481605351","2.2011225","10.5889991842338","0.0278","http://www.sec.gov/cgi-bin/browse-edgar?action=getcompany&CIK=K",,,,
"KDP","Keurig Dr Pepper","Soft Drinks & Non-alcoholic Beverages","Soft Drinks & Non-alcoholic Beverages","32.1","28.62","38.28","43542044672","4230000128","1.66","19.3373493975904","2.8744419","18.4080025378958","0.028499998","http://www.sec.gov/cgi-bin/browse-edgar?action=getcompany&CIK=KDP",,,,
"KEY","KeyCorp","Regional Banks","Regional Banks","17.98","13.11","20.04","19900084224","","-0.32","-56.1875","4.101419","14.4790007782262","0.0448","http://www.sec.gov/cgi-bin/browse-edgar?action=getcompany&CIK=KEY",,,,
"KEYS","Keysight Technologies","Electronic Equipment & Instruments","Electronic Equipment & Instruments","178.35","119.72","180.26","30837966848","1187000064","3.51","50.8119658119658","6.163895","30.1410010733137","","http://www.sec.gov/cgi-bin/browse-edgar?action=getcompany&CIK=KEYS",,,,
"KHC","Kraft Heinz","Packaged Foods & Meats","Packaged Foods & Meats","29.84","28.37","38.96","36081635328","6446000128","1.11","26.8828828828829","1.3808509","39.9739992176402","0.0529","http://www.sec.gov/cgi-bin/browse-edgar?action=getcompany&CIK=KHC",,,,
"KIM","Kimco Realty","Retail REITs","Retail REITs","22.45","17.57","25.83","15133119488","1195842048","0.54","41.5740740740741","7.708316","15.6110002965742","0.044099998","http://www.sec.gov/cgi-bin/browse-edgar?action=getcompany&CIK=KIM",,,,
"KKR","KKR","Asset Management & Custody Banks","Asset Management & Custody Banks","167.07","87.28","170.4","154171867136","","3.24","51.5648148148148","5.542496","27.137998598999","0.0042","http://www.sec.gov/cgi-bin/browse-edgar?action=getcompany&CIK=KKR",,,,
"KLAC","KLA Corporation","Semiconductor Materials & Equipment","Semiconductor Materials & Equipment","738.24","593.01","896.32","98746982400","4249192960","23.76","31.0707070707071","9.627435","25.0569988684232","0.0092","http://www.sec.gov/cgi-bin/browse-edgar?action=getcompany&CIK=KLAC",,,,
"KMB","Kimberly-Clark","Household Products","Household Products","129.97","117.67","149.31","43124047872","3897999872","7.55","17.2145695364238","2.1454751","3.85299963002666","0.037100002","http://www.sec.gov/cgi-bin/browse-edgar?action=getcompany&CIK=KMB",,,,
"KMI","Kinder Morgan","Oil & Gas Storage & Transportation","Oil & Gas Storage & Transportation","27.48","16.47","31.48","61050662912","6568999936","1.17","23.4871794871795","4.029481","13.6860005163626","0.0374","http://www.sec.gov/cgi-bin/browse-edgar?action=getcompany&CIK=KMI",,,,
"KMX","CarMax","Automotive Retail",,"85.64","65.83","91.25","13171431424","926968000","2.94","29.1292517006803","0.47586256","38.536000944951","","http://www.sec.gov/cgi-bin/browse-edgar?action=getcompany&CIK=KMX",,,,
"KO","Coca-Cola Company (The)","Soft Drinks & Non-alcoholic Beverages","Soft Drinks & Non-alcoholic Beverages","63.48","57.93","73.53","275914555392","14830999552","2.39","26.5606694560669","5.950795","6.1530003437073","0.030299999","http://www.sec.gov/cgi-bin/browse-edgar?action=getcompany&CIK=KO",,,,
"KR","Kroger","Food Retail","Food Retail","61.64","44.48","63.59","44603072512","8067999744","3.78","16.3068783068783","0.29695392","12.3380001959188","0.0214","http://www.sec.gov/cgi-bin/browse-edgar?action=getcompany&CIK=KR",,,,
"KVUE","Kenvue","Personal Care Products","Personal Care Products","21.29","17.67","24.46","40818466816","3454000128","0.55","38.7090909090909","2.6404338","5.55499979465548","0.0378","http://www.sec.gov/cgi-bin/browse-edgar?action=getcompany&CIK=KVUE",,,,
"L","Loews Corporation","Multi-line Insurance","Multi-line Insurance","85.45","71.52","87.45","18506504192","3233999872","7.52","11.3630319148936","1.0745851","79.2810024904162","0.0029","http://www.sec.gov/cgi-bin/browse-edgar?action=getcompany&CIK=L",,,,
"LDOS","Leidos","Diversified Support Services","Diversified Support Services","142.03","108.97","202.9","18951489536","2056999936","8.79","16.1581342434585","1.1643109","34.6039982565218","0.0113","http://www.sec.gov/cgi-bin/browse-edgar?action=getcompany&CIK=LDOS",,,,
"LEN","Lennar","Homebuilding","Homebuilding","131.24","124.30784","187.6089","34666786816","5534482944","14.31","9.17120894479385","0.95074534","101.061990257421","0.0137","http://www.sec.gov/cgi-bin/browse-edgar?action=getcompany&CIK=LEN",,,,
"LH","LabCorp","Health Care Services","Health Care Services","249.8","191.97","252.71","20893095936","1673500032","5.28","47.3106060606061","1.6434692","97.6129987690133","0.0114","http://www.sec.gov/cgi-bin/browse-edgar?action=getcompany&CIK=LH",,,,
"LHX","L3Harris","Aerospace & Defense","Aerospace & Defense","212.01","200.18","265.74","40211513344","3705999872","7.87","26.9390088945362","1.901973","100.227993748148","0.0219","http://www.sec.gov/cgi-bin/browse-edgar?action=getcompany&CIK=LHX",,,,
"LIN","Linde plc","Industrial Gases","Industrial Gases","446.12","396.07","487.49","212423606272","12581000192","13.17","33.8739559605163","6.432206","82.2689955684429","0.0125","http://www.sec.gov/cgi-bin/browse-edgar?action=getcompany&CIK=LIN",,,,
"LKQ","LKQ Corporation","Distributors",,"37.39","35.56","53.68","9719904256","1732000000","2.71","13.7970479704797","0.67038447","23.8670004855106","0.031400003","http://www.sec.gov/cgi-bin/browse-edgar?action=getcompany&CIK=LKQ",,,,
"LLY","Lilly (Eli)","Pharmaceuticals","Pharmaceuticals","811.08","659.74","972.53","729417187328","16566500352","9.3","87.2129032258064","17.850178","15.8249995580754","0.0073","http://www.sec.gov/cgi-bin/browse-edgar?action=getcompany&CIK=LLY",,,,
"LMT","Lockheed Martin","Aerospace & Defense","Aerospace & Defense","462.95","413.92","618.95","108971950080","10225999872","22.29","20.7694033198744","1.5284655","30.5079985388847","0.026199998","http://www.sec.gov/cgi-bin/browse-edgar?action=getcompany&CIK=LMT",,,,
"LNT","Alliant Energy","Electric Utilities","Electric Utilities","58.88","46.8","64.19","15108549632","1636999936","2.57","22.9105058365759","3.809518","27.1550016533743","0.0342","http://www.sec.gov/cgi-bin/browse-edgar?action=getcompany&CIK=LNT",,,,
"LOW","Lowe's","Home Improvement Retail","Home Improvement Retail","260.04","211.8","287.01","146831589376","12433000448","12.01","21.6519567027477","1.7475166",,"0.016900001","http://www.sec.gov/cgi-bin/browse-edgar?action=getcompany&CIK=LOW",,,,
"LRCX","Lam Research","Semiconductor Materials & Equipment","Semiconductor Materials & Equipment","81.05","68.87","113.0","104146010112","4920197120","3.29","24.6352583586626","6.6797514","6.5499998949414","0.012200001","http://www.sec.gov/cgi-bin/browse-edgar?action=getcompany&CIK=LRCX",,,,
"LULU","Lululemon Athletica","Apparel, Accessories & Luxury Goods","Apparel, Accessories & Luxury Goods","414.2","226.01","480.94","50442936320","2699964928","13.81","29.9927588703838","5.0497017","33.5289974020289","","http://www.sec.gov/cgi-bin/browse-edgar?action=getcompany&CIK=LULU",,,,
"LUV","Southwest Airlines","Passenger Airlines","Passenger Airlines","30.71","23.58","36.12","18417924096","1682000000","0.76","40.4078947368421","0.6727763","17.3589992534104","0.0227","http://www.sec.gov/cgi-bin/browse-edgar?action=getcompany&CIK=LUV",,,,
"LVS","Las Vegas Sands","Casinos & Gaming","Casinos & Gaming","45.83","36.62","56.61","33227941888","3863000064","1.96","23.3826530612245","2.9361086","4.72599977375423","0.0184","http://www.sec.gov/cgi-bin/browse-edgar?action=getcompany&CIK=LVS",,,,
"LW","Lamb Weston","Packaged Foods & Meats",,"59.94","52.99","107.5","8549900800","1294400000","2.54","23.5984251968504","1.324252","12.4440004409586","0.0184","http://www.sec.gov/cgi-bin/browse-edgar?action=getcompany&CIK=LW",,,,
"LYB","LyondellBasell","Specialty Chemicals","Specialty Chemicals","75.7","72.21","107.02","24584103936","4421000192","6.59","11.4871016691958","0.6035279","42.2360018340579","0.0704","http://www.sec.gov/cgi-bin/browse-edgar?action=getcompany&CIK=LYB",,,,
"LYV","Live Nation Entertainment","Movies & Entertainment","Movies & Entertainment","144.68","86.67","145.33","33363062784","1534734976","0.89","162.561797752809","1.4309411","1.25600013959415","","http://www.sec.gov/cgi-bin/browse-edgar?action=getcompany&CIK=LYV",,,,
"MA","Mastercard","Transaction & Payment Processing Services","Transaction & Payment Processing Services","555.43","428.86","565.54","517369167872","16784000000","13.61","40.8104335047759","19.002762","8.08700059389798","0.0055","http://www.sec.gov/cgi-bin/browse-edgar?action=getcompany&CIK=MA",,,,
"MAR","Marriott International","Hotels, Resorts & Cruise Lines","Hotels, Resorts & Cruise Lines","290.59","204.55","295.45","80752926720","4112999936","9.54","30.4601677148847","12.291162",,"0.0086","http://www.sec.gov/cgi-bin/browse-edgar?action=getcompany&CIK=MAR",,,,
"MAS","Masco","Building Products","Building Products","79.28","63.81","86.7","17104579584","1494000000","3.76","21.0851063829787","2.1700811",,"0.0143","http://www.sec.gov/cgi-bin/browse-edgar?action=getcompany&CIK=MAS",,,,
"MCD","McDonald's","Restaurants","Restaurants","288.7","243.53","317.9","208049078272","13845499904","11.32","25.5035335689046","8.020798",,"0.024400001","http://www.sec.gov/cgi-bin/browse-edgar?action=getcompany&CIK=MCD",,,,
"MCHP","Microchip Technology","Semiconductors","Semiconductors","54.3","53.98","100.57","29159641088","1950800000","1.44","37.7083333333333","5.3050323","11.6870001816543","0.033","http://www.sec.gov/cgi-bin/browse-edgar?action=getcompany&CIK=MCHP",,,,
"MCK","McKesson Corporation","Health Care Distributors","Health Care Distributors","594.75","464.42","637.51","75497562112","4889999872","19.35","30.7364341085271","0.22865091",,"0.0047","http://www.sec.gov/cgi-bin/browse-edgar?action=getcompany&CIK=MCK",,,,
"MCO","Moody's Corporation","Financial Exchanges & Data","Financial Exchanges & Data","499.44","360.05","505.775","90514014208","3313999872","10.93","45.6944190301921","13.125582","21.5470007976152","0.0068","http://www.sec.gov/cgi-bin/browse-edgar?action=getcompany&CIK=MCO",,,,
"MDLZ","Mondelez International","Packaged Foods & Meats","Packaged Foods & Meats","57.99","55.97","77.2","77543653376","7414000128","2.82","20.563829787234","2.1449933","20.8299987614789","0.0322","http://www.sec.gov/cgi-bin/browse-edgar?action=getcompany&CIK=MDLZ",,,,
"MDT","Medtronic","Health Care Equipment","Health Care Equipment","90.82","75.96","93.08","116457578496","9013000192","3.27","27.7737003058104","3.5748405","38.2920013439725","0.032","http://www.sec.gov/cgi-bin/browse-edgar?action=getcompany&CIK=MDT",,,,
"MET","MetLife","Life & Health Insurance","Life & Health Insurance","86.51","64.61","89.05","59901251584","7036000256","4.93","17.5476673427992","0.83961165","44.5250022221327","0.0251","http://www.sec.gov/cgi-bin/browse-edgar?action=getcompany&CIK=MET",,,,
"META","Meta Platforms","Interactive Media & Services","Interactive Media & Services","689.18","414.5","705.2999","1740620562432","79208996864","23.91","28.8239230447511","11.141612","65.1860004366983","0.003","http://www.sec.gov/cgi-bin/browse-edgar?action=getcompany&CIK=META",,,,
"MGM","MGM Resorts","Casinos & Gaming","Casinos & Gaming","34.48","31.61","48.25","10266075136","2556987904","2.79","12.3584229390681","0.5961143","10.8859997771022","","http://www.sec.gov/cgi-bin/browse-edgar?action=getcompany&CIK=MGM",,,,
"MHK","Mohawk Industries","Home Furnishings",,"122.3","101.83","164.29","7719735296","1549473024","8.85","13.819209039548","0.713996","124.397997100703","","http://www.sec.gov/cgi-bin/browse-edgar?action=getcompany&CIK=MHK",,,,
"MKC","McCormick & Company","Packaged Foods & Meats","Packaged Foods & Meats","77.23","64.33","85.49","20692699136","1270200064","2.92","26.4486301369863","3.0984054","20.2029978810788","0.024600001","http://www.sec.gov/cgi-bin/browse-edgar?action=getcompany&CIK=MKC",,,,
"MKTX","MarketAxess","Financial Exchanges & Data",,"220.63","192.42","296.68","8318722048","412735008","7.38","29.8956639566396","10.245476","36.7470008547929","0.0136","http://www.sec.gov/cgi-bin/browse-edgar?action=getcompany&CIK=MKTX",,,,
"MLM","Martin Marietta Materials","Construction Materials","Construction Materials","544.12","490.05","633.23","33255579648","1945500032","32.23","16.8824076946944","5.105874","150.021003822817","0.0058","http://www.sec.gov/cgi-bin/browse-edgar?action=getcompany&CIK=MLM",,,,
"MMC","Marsh McLennan","Insurance Brokers",,"216.88","191.87","235.5","106514538496","7246000128","8.17","26.5458996328029","4.4482994","27.8759993596541","0.0149","http://www.sec.gov/cgi-bin/browse-edgar?action=getcompany&CIK=MMC",,,,
"MMM","3M","Industrial Conglomerates","Industrial Conglomerates","152.2","75.652176","155.0","83294183424","8117000192","7.15","21.2867132867133","2.5520616","8.52399996034828","0.0199","http://www.sec.gov/cgi-bin/browse-edgar?action=getcompany&CIK=MMM",,,,
"MNST","Monster Beverage","Soft Drinks & Non-alcoholic Beverages","Soft Drinks & Non-alcoholic Beverages","48.71","43.32","61.23","47371448320","2105284992","1.56","31.224358974359","6.3922386","5.94299978740141","","http://www.sec.gov/cgi-bin/browse-edgar?action=getcompany&CIK=MNST",,,,
"MO","Altria","Tobacco","Tobacco","52.23","39.25","58.04","88302649344","12216000512","6.63","7.87782805429864","4.3366394",,"0.0775","http://www.sec.gov/cgi-bin/browse-edgar?action=getcompany&CIK=MO",,,,
"MOH","Molina Healthcare","Managed Health Care",,"310.41","272.69","423.92","17755451392","1814000000","19.65","15.7969465648855","0.4729238","83.6840004149557","","http://www.sec.gov/cgi-bin/browse-edgar?action=getcompany&CIK=MOH",,,,
"MOS","Mosaic Company (The)","Fertilizers & Agricultural Chemicals","Fertilizers & Agricultural Chemicals","27.89","23.56","33.44","8859118592","1908199936","1.13","24.6814159292035","0.7732899","37.1489975831174","0.0308","http://www.sec.gov/cgi-bin/browse-edgar?action=getcompany&CIK=MOS",,,,
"MPC","Marathon Petroleum","Oil & Gas Refining & Marketing","Oil & Gas Refining & Marketing","145.71","130.54","221.11","46829592576","10341000192","12.9","11.2953488372093","0.32823712","58.2550006606711","0.024300002","http://www.sec.gov/cgi-bin/browse-edgar?action=getcompany&CIK=MPC",,,,
"MPWR","Monolithic Power Systems","Semiconductors","Semiconductors","637.37","546.71","959.64","31090909184","522235008","8.85","72.019209039548","15.244774","48.2109977154672","0.007900001","http://www.sec.gov/cgi-bin/browse-edgar?action=getcompany&CIK=MPWR",,,,
"MRK","Merck & Co.","Pharmaceuticals","Pharmaceuticals","98.82","94.48","134.63","249979011072","22927998976","4.78","20.673640167364","3.956992","17.5760009080756","0.0327","http://www.sec.gov/cgi-bin/browse-edgar?action=getcompany&CIK=MRK",,,,
"MRNA","Moderna","Biotechnology","Biotechnology","39.42","31.94","170.47","15169524736","-2361999872","-5.81","-6.78485370051635","2.9855392","30.9790000572899","","http://www.sec.gov/cgi-bin/browse-edgar?action=getcompany&CIK=MRNA",,,,
"MRO","Marathon Oil","Oil & Gas Exploration & Production",,"","","","","","",,"",,"","http://www.sec.gov/cgi-bin/browse-edgar?action=getcompany&CIK=MRO",,,,
"MS","Morgan Stanley","Investment Banking & Brokerage","Investment Banking & Brokerage","138.43","83.09","141.48","222457004032","","7.95","17.4125786163522","3.8169074","58.2459972970289","0.028299998","http://www.sec.gov/cgi-bin/browse-edgar?action=getcompany&CIK=MS",,,,
"MSCI","MSCI","Financial Exchanges & Data","Financial Exchanges & Data","596.77","439.95","642.45","46769639424","1622592000","14.06","42.4445234708393","16.687202",,"0.010199999","http://www.sec.gov/cgi-bin/browse-edgar?action=getcompany&CIK=MSCI",,,,
"MSFT","Microsoft","Systems Software","Systems Software","415.06","385.58","468.35","3085547601920","136551997440","12.41","33.4456083803384","12.138745","36.1150017345747","0.0075","http://www.sec.gov/cgi-bin/browse-edgar?action=getcompany&CIK=MSFT",,,,
"MSI","Motorola Solutions","Communications Equipment","Communications Equipment","469.25","314.84","507.82","78421524480","3152000000","9.12","51.452850877193","7.3600683","7.94500044867877","0.0092","http://www.sec.gov/cgi-bin/browse-edgar?action=getcompany&CIK=MSI",,,,
"MTB","M&T Bank","Regional Banks","Regional Banks","201.24","128.31","225.7","33389940736","","14.64","13.7459016393443","3.9286907","159.389990333952","0.0269","http://www.sec.gov/cgi-bin/browse-edgar?action=getcompany&CIK=MTB",,,,
"MTCH","Match Group","Interactive Media & Services",,"35.7","27.655","38.84","8963949568","993089984","2.23","16.0089686098655","2.5718384",,"0.0216","http://www.sec.gov/cgi-bin/browse-edgar?action=getcompany&CIK=MTCH",,,,
"MTD","Mettler Toledo","Life Sciences Tools & Services","Life Sciences Tools & Services","1364.44","1133.46","1546.93","28793366528","1142445056","37.11","36.7674481271894","7.6532793",,"","http://www.sec.gov/cgi-bin/browse-edgar?action=getcompany&CIK=MTD",,,,
"MU","Micron Technology","Semiconductors","Semiconductors","91.24","79.15","157.54","103061061632","8944000000","3.44","26.5232558139535","4.10422","40.6950014013995","0.0044","http://www.sec.gov/cgi-bin/browse-edgar?action=getcompany&CIK=MU",,,,
"MAA","Mid-America Apartment Communities","Multi-Family Residential REITs","Multi-Family Residential REITs","152.58","121.51","167.39","18302885888","1247618048","4.43","34.4424379232506","8.38263","50.8949987941708","0.0399","http://www.sec.gov/cgi-bin/browse-edgar?action=getcompany&CIK=MAA",,,,
"NCLH","Norwegian Cruise Line Holdings","Hotels, Resorts & Cruise Lines","Hotels, Resorts & Cruise Lines","28.35","14.69","29.29","12465722368","2335180032","1.14","24.8684210526316","1.3322719","2.58200013479225","","http://www.sec.gov/cgi-bin/browse-edgar?action=getcompany&CIK=NCLH",,,,
"NDAQ","Nasdaq, Inc.","Financial Exchanges & Data","Financial Exchanges & Data","82.34","54.9","83.77","47325573120","2512000000","1.93","42.6632124352332","6.7444167","19.2640000898394","0.0117999995","http://www.sec.gov/cgi-bin/browse-edgar?action=getcompany&CIK=NDAQ",,,,
"NDSN","Nordson Corporation","Industrial Machinery & Supplies & Components","Industrial Machinery & Supplies & Components","220.22","196.83","279.38","12571875328","818784000","8.12","27.1206896551724","4.71784","49.9070050879219","0.0125","http://www.sec.gov/cgi-bin/browse-edgar?action=getcompany&CIK=NDSN",,,,
"NEE","NextEra Energy","Multi-Utilities","Multi-Utilities","71.56","53.95","86.1","147155976192","14577999872","3.37","21.2344213649852","5.6067963","24.3390010622294","0.0298","http://www.sec.gov/cgi-bin/browse-edgar?action=getcompany&CIK=NEE",,,,
"NEM","Newmont","Gold","Gold","42.72","29.42","58.72","49055805440","6008999936","-2.17","-19.6866359447005","2.887844","25.9719999710612","0.0232","http://www.sec.gov/cgi-bin/browse-edgar?action=getcompany&CIK=NEM",,,,
"NFLX","Netflix","Movies & Entertainment","Movies & Entertainment","976.76","542.01","999.0","417815920640","9976898560","19.93","49.0095333667837","11.115886","53.153000440511","","http://www.sec.gov/cgi-bin/browse-edgar?action=getcompany&CIK=NFLX",,,,
"NI","NiSource","Multi-Utilities","Multi-Utilities","37.3","24.8","38.83","17410856960","2324999936","1.64","22.7439024390244","3.291713","17.8810007416061","0.0297","http://www.sec.gov/cgi-bin/browse-edgar?action=getcompany&CIK=NI",,,,
"NKE","Nike, Inc.","Apparel, Accessories & Luxury Goods","Apparel, Accessories & Luxury Goods","76.9","70.32","107.43","115859849216","7200999936","3.18","24.1823899371069","2.316641","9.60099980242416","0.0208","http://www.sec.gov/cgi-bin/browse-edgar?action=getcompany&CIK=NKE",,,,
"NOC","Northrop Grumman","Aerospace & Defense","Aerospace & Defense","487.27","418.6","555.57","70630760448","4457999872","28.33","17.1997882103777","1.7233319","101.142996606675","0.0171","http://www.sec.gov/cgi-bin/browse-edgar?action=getcompany&CIK=NOC",,,,
"NOW","ServiceNow","Systems Software","Systems Software","1018.38","637.99","1198.09","210282233856","1824000000","6.89","147.805515239478","20.09578","45.0280002373479","","http://www.sec.gov/cgi-bin/browse-edgar?action=getcompany&CIK=NOW",,,,
"NRG","NRG Energy","Independent Power Producers & Energy Traders","Independent Power Producers & Energy Traders","102.44","51.26","115.38","20750862336","2192999936","4.04","25.3564356435644","0.7379921","9.12500030063331","0.0168","http://www.sec.gov/cgi-bin/browse-edgar?action=getcompany&CIK=NRG",,,,
"NSC","Norfolk Southern Railway","Rail Transportation","Rail Transportation","255.3","206.71","277.6","57779748864","5888000000","11.57","22.0656871218669","4.7469397","60.9310013569737","0.0214","http://www.sec.gov/cgi-bin/browse-edgar?action=getcompany&CIK=NSC",,,,
"NTAP","NetApp","Technology Hardware, Storage & Peripherals","Technology Hardware, Storage & Peripherals","122.1","83.8","135.45","24823662592","1582000000","5.42","22.5276752767528","3.8926866","5.56300047925636","0.0164","http://www.sec.gov/cgi-bin/browse-edgar?action=getcompany&CIK=NTAP",,,,
"NTRS","Northern Trust","Asset Management & Custody Banks","Asset Management & Custody Banks","112.29","76.67","113.91","22005471232","","9.77","11.4933469805527","2.8005333","59.8539997359367","0.0274","http://www.sec.gov/cgi-bin/browse-edgar?action=getcompany&CIK=NTRS",,,,
"NUE","Nucor","Steel","Steel","128.43","112.25","203.0","30157031424","4940151808","8.45","15.1988165680473","0.96154976","87.1880065473488","0.018","http://www.sec.gov/cgi-bin/browse-edgar?action=getcompany&CIK=NUE",,,,
"NVDA","Nvidia","Semiconductors","Semiconductors","120.07","63.69","153.13","3052683657216","61184000000","2.44","49.2090163934426","31.697422","1.74399992563272","0.00029999999","http://www.sec.gov/cgi-bin/browse-edgar?action=getcompany&CIK=NVDA",,,,
"NVR","NVR, Inc.","Homebuilding","Homebuilding","8016.18","7129.1","9964.77","24919658496","2071504000","506.34","15.8316151202749","2.4237614","1393.6509636421","","http://www.sec.gov/cgi-bin/browse-edgar?action=getcompany&CIK=NVR",,,,
"NWS","News Corp (Class B)","Publishing","Publishing","31.65","23.99","32.87","16625808384","1270000000","0.62","51.0483870967742","1.6359154","14.4980002150193","0.0063","http://www.sec.gov/cgi-bin/browse-edgar?action=getcompany&CIK=NWS",,,,
"NWSA","News Corp (Class A)","Publishing","Publishing","28.12","22.65","30.04","16623195136","1270000000","0.62","45.3548387096774","1.6356583","14.4979997967599","0.0070999996","http://www.sec.gov/cgi-bin/browse-edgar?action=getcompany&CIK=NWSA",,,,
"NXPI","NXP Semiconductors","Semiconductors","Semiconductors","208.55","202.25","296.08","53004234752","4640000000","10.46","19.9378585086042","4.100908","37.0309998565282","0.019199999","http://www.sec.gov/cgi-bin/browse-edgar?action=getcompany&CIK=NXPI",,,,
"O","Realty Income","Retail REITs","Retail REITs","54.64","50.65","64.88","47821529088","4485658112","1.05","52.0380952380952","9.536263","43.942002989729","0.0583","http://www.sec.gov/cgi-bin/browse-edgar?action=getcompany&CIK=O",,,,
"ODFL","Old Dominion","Cargo Ground Transportation","Cargo Ground Transportation","185.61","165.49","233.26","39627362304","1971409024","5.72","32.4493006993007","6.6886916","19.5319981294068","0.0056","http://www.sec.gov/cgi-bin/browse-edgar?action=getcompany&CIK=ODFL",,,,
"OKE","ONEOK","Oil & Gas Storage & Transportation","Oil & Gas Storage & Transportation","97.17","67.05","118.07","56645545984","5612000256","4.72","20.5868644067797","2.8417974","28.9080005040827","0.041300002","http://www.sec.gov/cgi-bin/browse-edgar?action=getcompany&CIK=OKE",,,,
"OMC","Omnicom Group","Advertising","Advertising","86.79","81.42","107.0","17052585984","2420600064","7.32","11.8565573770492","1.1053154","20.2530003213317","0.0324","http://www.sec.gov/cgi-bin/browse-edgar?action=getcompany&CIK=OMC",,,,
"ON","ON Semiconductor","Semiconductors","Semiconductors","52.34","51.955","85.16","22286215168","2716600064","4.03","12.9875930521092","3.0206718","20.1670000219625","","http://www.sec.gov/cgi-bin/browse-edgar?action=getcompany&CIK=ON",,,,
"ORCL","Oracle Corporation","Application Software","Application Software","170.06","106.51","198.31","475651014656","21802999808","4.09","41.5794621026895","8.838633","3.15899997718892","0.0083","http://www.sec.gov/cgi-bin/browse-edgar?action=getcompany&CIK=ORCL",,,,
"ORLY","O'Reilly Auto Parts","Automotive Retail","Automotive Retail","1294.42","947.49","1310.25","74727776256","3685244928","40.35","32.0798017348203","4.5441327",,"","http://www.sec.gov/cgi-bin/browse-edgar?action=getcompany&CIK=ORLY",,,,
"OTIS","Otis Worldwide","Industrial Machinery & Supplies & Components","Industrial Machinery & Supplies & Components","95.42","89.29","106.33","38116569088","2507000064","4.07","23.4447174447174","2.6831317",,"0.0163","http://www.sec.gov/cgi-bin/browse-edgar?action=getcompany&CIK=OTIS",,,,
"OXY","Occidental Petroleum","Oil & Gas Exploration & Production","Oil & Gas Exploration & Production","46.65","45.17","71.19","43773702144","12931000320","3.65","12.7808219178082","1.6130635","28.1259998973838","0.018","http://www.sec.gov/cgi-bin/browse-edgar?action=getcompany&CIK=OXY",,,,
"PANW","Palo Alto Networks","Systems Software","Systems Software","184.42","130.045","207.24","121016401920","1094400000","3.86","47.7772020725389","15.075229","15.9020004944262","","http://www.sec.gov/cgi-bin/browse-edgar?action=getcompany&CIK=PANW",,,,
"PARA","Paramount Global","Movies & Entertainment",,"10.88","9.54","14.55","7728977920","3124999936","-9.06","-1.20088300220751","0.26774442","24.9299989459743","0.0182","http://www.sec.gov/cgi-bin/browse-edgar?action=getcompany&CIK=PARA",,,,
"PAYC","Paycom","Human Resource & Employment Services",,"207.56","139.5","242.74","11968324608","667798016","8.31","24.9771359807461","6.561862","26.9169997790202","0.0073","http://www.sec.gov/cgi-bin/browse-edgar?action=getcompany&CIK=PAYC",,,,
"PAYX","Paychex","Human Resource & Employment Services","Human Resource & Employment Services","147.67","114.72","150.71","53170503680","2358799872","4.75","31.0884210526316","10.011769","10.5550006164887","0.028900001","http://www.sec.gov/cgi-bin/browse-edgar?action=getcompany&CIK=PAYX",,,,
"PCAR","Paccar","Construction Machinery & Heavy Transportation Equipment","Construction Machinery & Heavy Transportation Equipment","110.88","90.04","125.5","58145472512","5908100096","7.9","14.0354430379747","1.6692687","35.5999981891776","0.012","http://www.sec.gov/cgi-bin/browse-edgar?action=getcompany&CIK=PCAR",,,,
"PCG","PG&E Corporation","Multi-Utilities","Multi-Utilities","15.65","15.32","21.72","34328428544","9317999616","1.28","12.2265625","1.3825941","12.554000249957","0.0064","http://www.sec.gov/cgi-bin/browse-edgar?action=getcompany&CIK=PCG",,,,
"PEG","Public Service Enterprise Group","Electric Utilities","Electric Utilities","83.54","57.24","95.22","41621716992","4044999936","4.07","20.5257985257985","3.9905767","32.3190000592683","0.0286","http://www.sec.gov/cgi-bin/browse-edgar?action=getcompany&CIK=PEG",,,,
"PEP","PepsiCo","Soft Drinks & Non-alcoholic Beverages","Soft Drinks & Non-alcoholic Beverages","150.69","141.51","183.41","208405790720","16913000448","6.72","22.4241071428571","2.267252","14.1679988634762","0.0357","http://www.sec.gov/cgi-bin/browse-edgar?action=getcompany&CIK=PEP",,,,
"PFE","Pfizer","Pharmaceuticals","Pharmaceuticals","26.52","24.48","31.54","150288580608","18365999104","0.75","35.36","2.531176","16.2880003439397","0.0639","http://www.sec.gov/cgi-bin/browse-edgar?action=getcompany&CIK=PFE",,,,
"PFG","Principal Financial Group","Life & Health Insurance","Life & Health Insurance","82.45","72.21","91.98","18858457088","-15100000","-0.74","-111.418918918919","1.3406645","49.0089988130252","0.035","http://www.sec.gov/cgi-bin/browse-edgar?action=getcompany&CIK=PFG",,,,
"PG","Procter & Gamble","Personal Care Products","Personal Care Products","165.99","153.52","180.43","389221646336","24039999488","6.28","26.4315286624204","4.6388373","20.9959994139992","0.0249","http://www.sec.gov/cgi-bin/browse-edgar?action=getcompany&CIK=PG",,,,
"PGR","Progressive Corporation","Property & Casualty Insurance","Property & Casualty Insurance","246.44","179.68","270.62","144367271936","10823199744","14.4","17.1138888888889","2.0062325","46.3629956921771","0.0199","http://www.sec.gov/cgi-bin/browse-edgar?action=getcompany&CIK=PGR",,,,
"PH","Parker Hannifin","Industrial Machinery & Supplies & Components","Industrial Machinery & Supplies & Components","707.05","488.45","718.32","91011473408","4962157056","24.21","29.2048740190004","4.553738","93.8690057328001","0.0098","http://www.sec.gov/cgi-bin/browse-edgar?action=getcompany&CIK=PH",,,,
"PHM","PulteGroup","Homebuilding","Homebuilding","113.78","100.24","149.47","23334230016","3788722944","14.7","7.74013605442177","1.3473346","56.3080005067621","0.0078","http://www.sec.gov/cgi-bin/browse-edgar?action=getcompany&CIK=PHM",,,,
"PKG","Packaging Corporation of America","Paper & Plastic Packaging Products & Materials","Paper & Plastic Packaging Products & Materials","212.66","159.57","250.82","19097909248","1624999936","8.93","23.8141097424412","2.3361073","47.8129993261303","0.021","http://www.sec.gov/cgi-bin/browse-edgar?action=getcompany&CIK=PKG",,,,
"PLD","Prologis","Industrial REITs","Industrial REITs","119.25","100.82","135.76","110446362624","5739131904","3.31","36.0271903323263","13.40497","57.2349981190444","0.0327","http://www.sec.gov/cgi-bin/browse-edgar?action=getcompany&CIK=PLD",,,,
"PLTR","Palantir Technologies","Internet Services & Infrastructure","Application Software","82.49","16.145","85.22","187913879552","397707008","0.2","412.45","71.009026","1.98200000884199","","http://www.sec.gov/cgi-bin/browse-edgar?action=getcompany&CIK=PLTR",,,,
"PM","Philip Morris International","Tobacco","Tobacco","130.2","87.82","134.15","202438852608","15301000192","6.29","20.6995230524642","5.4391265",,"0.0414","http://www.sec.gov/cgi-bin/browse-edgar?action=getcompany&CIK=PM",,,,
"PNC","PNC Financial Services","Diversified Banks","Diversified Banks","200.95","139.69","216.26","79563538432","","13.74","14.6251819505095","3.8841798","124.564002745057","0.0319","http://www.sec.gov/cgi-bin/browse-edgar?action=getcompany&CIK=PNC",,,,
"PNR","Pentair","Industrial Machinery & Supplies & Components","Industrial Machinery & Supplies & Components","103.68","72.03","110.71","17131151360","978700032","4.0","25.92","4.1839423","21.1749983722537","0.0097","http://www.sec.gov/cgi-bin/browse-edgar?action=getcompany&CIK=PNR",,,,
"PNW","Pinnacle West","Multi-Utilities","Multi-Utilities","86.96","65.2","95.42","9887351808","1978172032","5.32","16.3458646616541","1.969168","58.2270012049829","0.041100003","http://www.sec.gov/cgi-bin/browse-edgar?action=getcompany&CIK=PNW",,,,
"PODD","Insulet Corporation","Health Care Equipment","Health Care Equipment","278.38","160.19","284.62","19526909952","410600000","5.88","47.343537414966","9.842689","15.9390005437055","","http://www.sec.gov/cgi-bin/browse-edgar?action=getcompany&CIK=PODD",,,,
"POOL","Pool Corporation","Distributors","Distributors","344.25","293.51","422.73","13100605440","679414976","11.64","29.5747422680412","2.4595037","37.6150002830003","0.0138","http://www.sec.gov/cgi-bin/browse-edgar?action=getcompany&CIK=POOL",,,,
"PPG","PPG Industries","Specialty Chemicals","Specialty Chemicals","115.38","113.0","145.6","26768158720","2870000128","6.31","18.2852614896989","1.4846455","33.569000049664","0.0222","http://www.sec.gov/cgi-bin/browse-edgar?action=getcompany&CIK=PPG",,,,
"PPL","PPL Corporation","Electric Utilities","Electric Utilities","33.6","25.35","35.15","24795791360","3276000000","1.11","30.2702702702703","2.9939377","19.1010000624193","0.0308","http://www.sec.gov/cgi-bin/browse-edgar?action=getcompany&CIK=PPL",,,,
"PRU","Prudential Financial","Life & Health Insurance","Life & Health Insurance","120.76","101.72","130.55","42982227968","5557333504","11.23","10.753339269813","0.58907205","85.4550011768108","0.0427","http://www.sec.gov/cgi-bin/browse-edgar?action=getcompany&CIK=PRU",,,,
"PSA","Public Storage","Self-Storage REITs","Self-Storage REITs","298.48","256.31","369.99","52288626688","3353046016","9.63","30.9948078920042","11.128495","30.0389969543347","0.0403","http://www.sec.gov/cgi-bin/browse-edgar?action=getcompany&CIK=PSA",,,,
"PSX","Phillips 66","Oil & Gas Refining & Marketing","Oil & Gas Refining & Marketing","117.87","108.91","174.08","48679014400","5571999744","7.83","15.0536398467433","0.32949555","69.5469951709474","0.0381","http://www.sec.gov/cgi-bin/browse-edgar?action=getcompany&CIK=PSX",,,,
"PTC","PTC Inc.","Application Software","Application Software","193.48","163.3","203.09","23286478848","698484992","3.11","62.2122186495177","10.131287","26.7610005305727","","http://www.sec.gov/cgi-bin/browse-edgar?action=getcompany&CIK=PTC",,,,
"PWR","Quanta Services","Construction & Engineering","Construction & Engineering","307.61","197.46","365.88","45406924800","1868978048","5.41","56.8595194085028","1.9825476","47.9030013820875","0.0013","http://www.sec.gov/cgi-bin/browse-edgar?action=getcompany&CIK=PWR",,,,
"PYPL","PayPal","Transaction & Payment Processing Services","Transaction & Payment Processing Services","88.58","55.77","93.66","89797091328","6120999936","4.14","21.3961352657005","2.854598","20.0540009101501","","http://www.sec.gov/cgi-bin/browse-edgar?action=getcompany&CIK=PYPL",,,,
"QCOM","Qualcomm","Semiconductors","Semiconductors","172.93","139.26","230.63","191155077120","11959000064","8.99","19.2358175750834","4.906193","23.6060019717216","0.0198","http://www.sec.gov/cgi-bin/browse-edgar?action=getcompany&CIK=QCOM",,,,
"QRVO","Qorvo","Semiconductors",,"82.98","64.54","130.99","7750066688","673129984","0.28","296.357142857143","1.9630218","37.1239987190476","","http://www.sec.gov/cgi-bin/browse-edgar?action=getcompany&CIK=QRVO",,,,
"RCL","Royal Caribbean Group","Hotels, Resorts & Cruise Lines","Hotels, Resorts & Cruise Lines","266.6","113.1","277.08","71688740864","5641999872","10.99","24.2584167424932","4.465197","26.2019995290323","0.0093","http://www.sec.gov/cgi-bin/browse-edgar?action=getcompany&CIK=RCL",,,,
"REG","Regency Centers","Retail REITs","Retail REITs","71.84","56.51","76.53","13118127104","917937984","2.12","33.8867924528302","8.805218","36.1400022637808","0.0392","http://www.sec.gov/cgi-bin/browse-edgar?action=getcompany&CIK=REG",,,,
"REGN","Regeneron Pharmaceuticals","Biotechnology","Biotechnology","672.98","666.25","1211.2","73953771520","4598000128","40.44","16.6414441147379","5.3407407","272.040030606828","","http://www.sec.gov/cgi-bin/browse-edgar?action=getcompany&CIK=REGN",,,,
"RF","Regions Financial Corporation","Regional Banks","Regional Banks","24.64","17.42","27.96","22394408960","","1.93","12.7668393782383","3.4158645","18.6270010324227","0.040799998","http://www.sec.gov/cgi-bin/browse-edgar?action=getcompany&CIK=RF",,,,
"RJF","Raymond James Financial","Investment Banking & Brokerage","Investment Banking & Brokerage","168.48","104.24","174.32","34471006208","","10.24","16.453125","2.6981065","54.0830018069077","0.0116","http://www.sec.gov/cgi-bin/browse-edgar?action=getcompany&CIK=RJF",,,,
"RL","Ralph Lauren Corporation","Apparel, Accessories & Luxury Goods","Apparel, Accessories & Luxury Goods","249.7","143.27","260.77","15505945600","1059800000","10.5","23.7809523809524","2.3005512","39.3289990791785","0.0128","http://www.sec.gov/cgi-bin/browse-edgar?action=getcompany&CIK=RL",,,,
"RMD","ResMed","Health Care Equipment","Health Care Equipment","236.18","170.56","260.49","34670276608","1632185984","8.48","27.8514150943396","7.2117286","35.3940021717753","0.0082","http://www.sec.gov/cgi-bin/browse-edgar?action=getcompany&CIK=RMD",,,,
"ROK","Rockwell Automation","Electrical Components & Equipment","Electrical Components & Equipment","278.43","242.81","304.29","31471777792","1613699968","8.29","33.5862484921592","3.808206","30.9309994202173","0.0188","http://www.sec.gov/cgi-bin/browse-edgar?action=getcompany&CIK=ROK",,,,
"ROL","Rollins, Inc.","Environmental & Facilities Services","Environmental & Facilities Services","49.5","40.41","52.16","24079620096","757598016","0.97","51.0309278350515","7.273436","2.72100003512564","0.013300001","http://www.sec.gov/cgi-bin/browse-edgar?action=getcompany&CIK=ROL",,,,
"ROP","Roper Technologies","Electronic Equipment & Instruments","Electronic Equipment & Instruments","575.65","499.47","581.92","61726375936","2732699904","14.32","40.1990223463687","9.110097","172.671996636608","0.0061000003","http://www.sec.gov/cgi-bin/browse-edgar?action=getcompany&CIK=ROP",,,,
"ROST","Ross Stores","Apparel Retail","Apparel Retail","150.56","127.53","163.6","49674108928","2983800064","6.35","23.7102362204724","2.3550117","14.5339997710239","0.010299999","http://www.sec.gov/cgi-bin/browse-edgar?action=getcompany&CIK=ROST",,,,
"RSG","Republic Services","Environmental & Facilities Services","Environmental & Facilities Services","216.87","171.06","220.58","67913273344","4804800000","6.25","34.6992","4.2935257","35.8400015864989","0.0106","http://www.sec.gov/cgi-bin/browse-edgar?action=getcompany&CIK=RSG",,,,
"RTX","RTX Corporation","Aerospace & Defense","Aerospace & Defense","128.95","88.9","132.43","171675009024","12570999808","3.55","36.3239436619718","2.1719465","45.915003228471","0.0202","http://www.sec.gov/cgi-bin/browse-edgar?action=getcompany&CIK=RTX",,,,
"RVTY","Revvity","Health Care Equipment","Health Care Equipment","126.13","97.32","129.5","15350273024","788105984","2.09","60.3492822966507","5.6402583","64.8840035750247","0.0022","http://www.sec.gov/cgi-bin/browse-edgar?action=getcompany&CIK=RVTY",,,,
"SBAC","SBA Communications","Telecom Tower REITs","Telecom Tower REITs","197.56","183.64","252.64","21242243072","1785819008","6.33","31.2101105845182","7.9829307",,"0.0197","http://www.sec.gov/cgi-bin/browse-edgar?action=getcompany&CIK=SBAC",,,,
"SBUX","Starbucks","Restaurants","Restaurants","107.68","71.55","110.08","123816919040","6700000256","3.06","35.1895424836601","3.4226072",,"0.024300002","http://www.sec.gov/cgi-bin/browse-edgar?action=getcompany&CIK=SBUX",,,,
"SCHW","Charles Schwab Corporation","Investment Banking & Brokerage","Investment Banking & Brokerage","82.72","61.01","83.73","151423926272","","2.99","27.6655518394649","8.081977","20.7830005507294","0.0124","http://www.sec.gov/cgi-bin/browse-edgar?action=getcompany&CIK=SCHW",,,,
"SHW","Sherwin-Williams","Specialty Chemicals","Specialty Chemicals","358.16","282.09","400.42","90203668480","4399799808","10.56","33.9166666666667","3.912797","16.584998883328","0.007900001","http://www.sec.gov/cgi-bin/browse-edgar?action=getcompany&CIK=SHW",,,,
"SJM","J.M. Smucker Company (The)","Packaged Foods & Meats","Packaged Foods & Meats","106.89","99.81","134.62","11374806016","1977900032","4.95","21.5939393939394","1.3384329","72.4509978025434","0.038","http://www.sec.gov/cgi-bin/browse-edgar?action=getcompany&CIK=SJM",,,,
"SLB","Schlumberger","Oil & Gas Equipment & Services","Oil & Gas Equipment & Services","40.28","36.52","55.69","57463042048","8130999808","3.05","13.2065573770492","1.5964173","15.2329998511492","0.026800001","http://www.sec.gov/cgi-bin/browse-edgar?action=getcompany&CIK=SLB",,,,
"SMCI","Supermicro","Technology Hardware, Storage & Peripherals","Technology Hardware, Storage & Peripherals","28.52","17.25","122.9","16700313600","1304590720","2.01","14.1890547263682","1.117612","9.31999950328193","","http://www.sec.gov/cgi-bin/browse-edgar?action=getcompany&CIK=SMCI",,,,
"SNA","Snap-on","Industrial Machinery & Supplies & Components","Industrial Machinery & Supplies & Components","355.15","252.98","373.9","18641752064","1480000000","19.44","18.2690329218107","3.6530967","104.274000893442","0.0239","http://www.sec.gov/cgi-bin/browse-edgar?action=getcompany&CIK=SNA",,,,
"SNPS","Synopsys","Application Software","Application Software","525.48","457.52","629.38","81227644928","1652390016","9.26","56.7473002159827","12.528483","50.1870026474532","","http://www.sec.gov/cgi-bin/browse-edgar?action=getcompany&CIK=SNPS",,,,
"SO","Southern Company","Electric Utilities","Electric Utilities","83.95","65.8","94.45","91982331904","13061000192","4.29","19.5687645687646","3.4804878","30.3900005422778","0.0339","http://www.sec.gov/cgi-bin/browse-edgar?action=getcompany&CIK=SO",,,,
"SOLV","Solventum","Health Care Technology","Health Care Technology","74.06","47.16","77.17","12794382336","1840000000","0.38","194.894736842105","1.5574416","18.4770002013858","","http://www.sec.gov/cgi-bin/browse-edgar?action=getcompany&CIK=SOLV",,,,
"SPG","Simon Property Group","Retail REITs","Retail REITs","173.86","135.15","186.0","65279733760","4353110016","7.52","23.1196808510638","11.0475025","8.18999931647941","0.0478","http://www.sec.gov/cgi-bin/browse-edgar?action=getcompany&CIK=SPG",,,,
"SPGI","S&P Global","Financial Exchanges & Data","Financial Exchanges & Data","521.41","407.69","533.29","161793507328","6645000192","11.31","46.1016799292661","11.751417","109.546000832483","0.0073","http://www.sec.gov/cgi-bin/browse-edgar?action=getcompany&CIK=SPGI",,,,
"SRE","Sempra","Multi-Utilities","Multi-Utilities","82.93","66.4","95.77","52527775744","4930999808","4.54","18.2665198237885","4.066247","45.5040011202336","0.0298","http://www.sec.gov/cgi-bin/browse-edgar?action=getcompany&CIK=SRE",,,,
"STE","Steris","Health Care Equipment","Health Care Equipment","220.65","197.82","248.24","21779765248","1325649024","5.94","37.1464646464646","4.0896935","66.7979982215657","0.010299999","http://www.sec.gov/cgi-bin/browse-edgar?action=getcompany&CIK=STE",,,,
"STLD","Steel Dynamics","Steel","Steel","128.2","104.6","155.56","19899973632","2689149952","9.65","13.2849740932642","1.1116264","59.3400003351183","0.015","http://www.sec.gov/cgi-bin/browse-edgar?action=getcompany&CIK=STLD",,,,
"STT","State Street Corporation","Asset Management & Custody Banks","Asset Management & Custody Banks","101.62","70.2","102.735","29344403456","","8.21","12.3775883069428","2.3385723","78.2210010379177","0.030299999","http://www.sec.gov/cgi-bin/browse-edgar?action=getcompany&CIK=STT",,,,
"STX","Seagate Technology","Technology Hardware, Storage & Peripherals","Technology Hardware, Storage & Peripherals","96.36","82.31","115.32","20806629376","1211000064","5.4","17.8444444444444","2.8639545",,"0.028399998","http://www.sec.gov/cgi-bin/browse-edgar?action=getcompany&CIK=STX",,,,
"STZ","Constellation Brands","Distillers & Vintners","Distillers & Vintners","180.8","176.51","274.87","33316921344","3887300096","3.67","49.2643051771117","3.2693136","53.2729981271359","0.0184","http://www.sec.gov/cgi-bin/browse-edgar?action=getcompany&CIK=STZ",,,,
"SW","Smurfit WestRock","Paper & Plastic Packaging Products & Materials","Paper & Plastic Packaging Products & Materials","53.09","38.55","56.986","27615082496","2172999936","0.72","73.7361111111111","1.6805674","34.6800004050028","0.0434","http://www.sec.gov/cgi-bin/browse-edgar?action=getcompany&CIK=SW",,,,
"SWK","Stanley Black & Decker","Industrial Machinery & Supplies & Components","Industrial Machinery & Supplies & Components","88.07","77.7","110.88","13577223168","1663699968","-1.24","-71.0241935483871","0.8826868","57.4720031991682","0.0365","http://www.sec.gov/cgi-bin/browse-edgar?action=getcompany&CIK=SWK",,,,
"SWKS","Skyworks Solutions","Semiconductors","Semiconductors","88.76","82.13","120.86","14267370496","1136199936","3.69","24.0542005420054","3.2635002","39.6540005284222","0.0335","http://www.sec.gov/cgi-bin/browse-edgar?action=getcompany&CIK=SWKS",,,,
"SYF","Synchrony Financial","Consumer Finance","Consumer Finance","68.98","37.99","70.93","26784935936","","8.55","8.06783625730994","2.9737911","37.9159986385859","0.015","http://www.sec.gov/cgi-bin/browse-edgar?action=getcompany&CIK=SYF",,,,
"SYK","Stryker Corporation","Health Care Equipment","Health Care Equipment","391.29","314.93","406.19","149166014464","5693000192","7.77","50.3590733590734","6.788296","52.8549972070425","0.0085","http://www.sec.gov/cgi-bin/browse-edgar?action=getcompany&CIK=SYK",,,,
"SYY","Sysco","Food Distributors","Food Distributors","72.92","69.03","82.89","35674652672","4410999808","3.9","18.6974358974359","0.4475668","3.78199996224224","0.026500002","http://www.sec.gov/cgi-bin/browse-edgar?action=getcompany&CIK=SYY",,,,
"T","AT&T","Integrated Telecommunication Services","Integrated Telecommunication Services","23.73","15.94","24.98","172367593472","42773000192","1.47","16.1428571428571","1.4121547","14.2659998779605","0.048899997","http://www.sec.gov/cgi-bin/browse-edgar?action=getcompany&CIK=T",,,,
"TAP","Molson Coors Beverage Company","Brewers","Brewers","54.75","49.19","69.18","11286548480","2418400000","4.44","12.3310810810811","0.96613216","64.6259960813629","0.0319","http://www.sec.gov/cgi-bin/browse-edgar?action=getcompany&CIK=TAP",,,,
"TDG","TransDigm Group","Aerospace & Defense","Aerospace & Defense","1353.34","1100.86","1451.32","75841175552","3888000000","25.66","52.7412314886984","9.551785",,"","http://www.sec.gov/cgi-bin/browse-edgar?action=getcompany&CIK=TDG",,,,
"TDY","Teledyne Technologies","Electronic Equipment & Instruments","Electronic Equipment & Instruments","511.33","355.41","522.5","23829153792","1346000000","17.23","29.6767266395821","4.2607603","205.776991956737","","http://www.sec.gov/cgi-bin/browse-edgar?action=getcompany&CIK=TDY",,,,
"TECH","Bio-Techne","Life Sciences Tools & Services","Life Sciences Tools & Services","73.55","61.16","85.57","11686507520","308515008","0.95","77.4210526315789","9.974972","13.4609996132822","0.0044","http://www.sec.gov/cgi-bin/browse-edgar?action=getcompany&CIK=TECH",,,,
"TEL","TE Connectivity","Electronic Manufacturing Services","Electronic Manufacturing Services","147.97","137.61","159.98","44147294208","3761999872","6.34","23.3391167192429","2.7861972","41.1949985034553","0.0175","http://www.sec.gov/cgi-bin/browse-edgar?action=getcompany&CIK=TEL",,,,
"TER","Teradyne","Semiconductor Materials & Equipment","Semiconductor Materials & Equipment","115.79","93.87","163.21","18857674752","640716992","3.31","34.9818731117825","6.8884096","17.8110002300248","0.0039","http://www.sec.gov/cgi-bin/browse-edgar?action=getcompany&CIK=TER",,,,
"TFC","Truist Financial","Diversified Banks","Diversified Banks","47.62","34.23","49.06","63191261184","","-0.3","-158.733333333333","4.3589196","44.4610013902232","0.0462","http://www.sec.gov/cgi-bin/browse-edgar?action=getcompany&CIK=TFC",,,,
"TFX","Teleflex","Health Care Equipment",,"180.24","171.69","256.85","8371012608","644953984","5.05","35.6910891089109","2.7665234","96.4969942128573","0.0074","http://www.sec.gov/cgi-bin/browse-edgar?action=getcompany&CIK=TFX",,,,
"TGT","Target Corporation","Consumer Staples Merchandise Retail","Consumer Staples Merchandise Retail","137.91","120.21","181.86","63192018944","9230999552","9.42","14.640127388535","0.5889284","29.0939975988117","0.0287","http://www.sec.gov/cgi-bin/browse-edgar?action=getcompany&CIK=TGT",,,,
"TJX","TJX Companies","Apparel Retail","Apparel Retail","124.79","92.35","128.0","140283920384","7125000192","4.24","29.4316037735849","2.5220487","6.44200008538399","0.0125","http://www.sec.gov/cgi-bin/browse-edgar?action=getcompany&CIK=TJX",,,,
"TMO","Thermo Fisher Scientific","Life Sciences Tools & Services","Life Sciences Tools & Services","597.75","493.3","627.88","228639375360","10581999616","16.5","36.2272727272727","5.3962564","128.084006823433","0.0027","http://www.sec.gov/cgi-bin/browse-edgar?action=getcompany&CIK=TMO",,,,
"TMUS","T-Mobile US","Wireless Telecommunication Services","Wireless Telecommunication Services","232.97","158.84","248.15","266652794880","30663999488","8.77","26.5644241733181","3.33291","55.1680010911883","0.0159","http://www.sec.gov/cgi-bin/browse-edgar?action=getcompany&CIK=TMUS",,,,
"TPR","Tapestry, Inc.","Apparel, Accessories & Luxury Goods","Apparel, Accessories & Luxury Goods","72.94","35.23","75.78","16997646336","1439500032","3.45","21.1420289855072","2.5500932","12.7980000449176","0.0184","http://www.sec.gov/cgi-bin/browse-edgar?action=getcompany&CIK=TPR",,,,
"TRGP","Targa Resources","Oil & Gas Storage & Transportation","Oil & Gas Storage & Transportation","196.8","84.33","218.51","42914799616","4021700096","5.52","35.6521739130435","2.6464968","11.7889984922302","0.0146","http://www.sec.gov/cgi-bin/browse-edgar?action=getcompany&CIK=TRGP",,,,
"TRMB","Trimble Inc.","Electronic Equipment & Instruments","Application Software","74.96","48.65","77.78","18424567808","737699968","5.98","12.5351170568562","5.0724244","23.9209989225339","","http://www.sec.gov/cgi-bin/browse-edgar?action=getcompany&CIK=TRMB",,,,
"TROW","T. Rowe Price","Asset Management & Custody Banks","Asset Management & Custody Banks","116.92","100.49","125.81","25974831104","2648399872","9.13","12.8061336254107","3.7584221","46.1379985484604","0.0428","http://www.sec.gov/cgi-bin/browse-edgar?action=getcompany&CIK=TROW",,,,
"TRV","Travelers Companies (The)","Property & Casualty Insurance","Property & Casualty Insurance","245.18","200.21","269.56","55557787648","6719000064","21.47","11.4196553330228","1.2253052","122.00899924604","0.0176","http://www.sec.gov/cgi-bin/browse-edgar?action=getcompany&CIK=TRV",,,,
"TSCO","Tractor Supply","Other Specialty Retail","Other Specialty Retail","54.36","45.304","61.528","29038841856","1913799040","2.04","26.6470588235294","1.9661303","21.405999271503","0.0154","http://www.sec.gov/cgi-bin/browse-edgar?action=getcompany&CIK=TSCO",,,,
"TSLA","Tesla, Inc.","Automobile Manufacturers","Automobile Manufacturers","404.6","138.8","488.54","1301403926528","13244000256","2.06","196.407766990291","13.39582","21.8059991505038","","http://www.sec.gov/cgi-bin/browse-edgar?action=getcompany&CIK=TSLA",,,,
"TSN","Tyson Foods","Packaged Foods & Meats","Packaged Foods & Meats","56.49","51.16","66.88","20120213504","3144000000","2.25","25.1066666666667","0.37742618","51.6819978948437","0.0352","http://www.sec.gov/cgi-bin/browse-edgar?action=getcompany&CIK=TSN",,,,
"TT","Trane Technologies","Building Products","Building Products","362.75","265.37","422.0","82430582784","3691200000","11.25","32.2444444444444","4.2515635","33.7099994033957","0.0092","http://www.sec.gov/cgi-bin/browse-edgar?action=getcompany&CIK=TT",,,,
"TTWO","Take-Two Interactive","Interactive Home Entertainment","Interactive Home Entertainment","185.51","135.24","192.14","32580564992","165600000","-21.21","-8.74634606317774","5.970417","33.040002607437","","http://www.sec.gov/cgi-bin/browse-edgar?action=getcompany&CIK=TTWO",,,,
"TXN","Texas Instruments","Semiconductors","Semiconductors","184.61","155.46","220.39","168404385792","6896999936","5.21","35.4337811900192","10.718884","18.9339997138516","0.0271","http://www.sec.gov/cgi-bin/browse-edgar?action=getcompany&CIK=TXN",,,,
"TXT","Textron","Aerospace & Defense","Aerospace & Defense","76.51","74.89","97.34","14193523712","1644999936","4.33","17.6697459584296","1.015201","37.4709980547992","0.001","http://www.sec.gov/cgi-bin/browse-edgar?action=getcompany&CIK=TXT",,,,
"TYL","Tyler Technologies","Application Software","Application Software","601.64","397.8","638.56","25749350400","368943008","5.45","110.392660550459","12.39376","76.5459949328546","","http://www.sec.gov/cgi-bin/browse-edgar?action=getcompany&CIK=TYL",,,,
"UAL","United Airlines Holdings","Passenger Airlines","Passenger Airlines","105.84","37.02","116.0","34808233984","7482999808","9.45","11.2","0.62164223","34.778999241526","","http://www.sec.gov/cgi-bin/browse-edgar?action=getcompany&CIK=UAL",,,,
"UBER","Uber","Passenger Ground Transportation","Passenger Ground Transportation","66.85","54.84","87.0","140766707712","3444999936","2.03","32.9310344827586","3.3551831","7.0240007531494","","http://www.sec.gov/cgi-bin/browse-edgar?action=getcompany&CIK=UBER",,,,
"UDR","UDR, Inc.","Multi-Family Residential REITs","Multi-Family Residential REITs","41.74","34.19","47.55","15680049152","989297984","0.38","109.842105263158","9.346052","10.5189997353617","0.040999997","http://www.sec.gov/cgi-bin/browse-edgar?action=getcompany&CIK=UDR",,,,
"UHS","Universal Health Services","Health Care Facilities","Health Care Facilities","188.56","152.69","243.25","12438473728","2124051968","15.01","12.562291805463","0.80676275","100.1380030838","0.0042","http://www.sec.gov/cgi-bin/browse-edgar?action=getcompany&CIK=UHS",,,,
"ULTA","Ulta Beauty","Other Specialty Retail","Other Specialty Retail","412.15","318.17","574.76","19112425472","1827608064","24.99","16.4925970388155","1.688203","47.1679974950549","","http://www.sec.gov/cgi-bin/browse-edgar?action=getcompany&CIK=ULTA",,,,
"UNH","UnitedHealth Group","Managed Health Care","Managed Health Care","542.49","436.38","630.73","502079356928","35035000832","15.41","35.2037637897469","1.2746431","102.421001461372","0.0155","http://www.sec.gov/cgi-bin/browse-edgar?action=getcompany&CIK=UNH",,,,
"UNP","Union Pacific Corporation","Rail Transportation","Rail Transportation","247.79","218.55","258.66","150224420864","12030000128","11.1","22.3234234234234","6.185129","27.3250015548752","0.0227","http://www.sec.gov/cgi-bin/browse-edgar?action=getcompany&CIK=UNP",,,,
"UPS","United Parcel Service","Air Freight & Logistics","Air Freight & Logistics","114.23","113.3601","158.95","97480458240","12007999488","6.74","16.9480712166172","1.0749229","19.7619979357423","0.048699997","http://www.sec.gov/cgi-bin/browse-edgar?action=getcompany&CIK=UPS",,,,
"URI","United Rentals","Trading Companies & Distributors","Trading Companies & Distributors","758.06","596.48","896.98","49506701312","4542000128","38.7","19.5881136950904","3.3052945","130.604006055549","0.0086","http://www.sec.gov/cgi-bin/browse-edgar?action=getcompany&CIK=URI",,,,
"USB","U.S. Bancorp","Diversified Banks","Diversified Banks","47.78","37.81","53.98","74536796160","","3.79","12.6068601583113","2.9938064","33.3510023379206","0.039300002","http://www.sec.gov/cgi-bin/browse-edgar?action=getcompany&CIK=USB",,,,
"V","Visa Inc.","Transaction & Payment Processing Services","Transaction & Payment Processing Services","341.8","252.7","351.25","662322937856","24973000704","9.88","34.5951417004049","18.435755","15.8200004239649","0.0069","http://www.sec.gov/cgi-bin/browse-edgar?action=getcompany&CIK=V",,,,
"VICI","Vici Properties","Hotel & Resort REITs","Hotel & Resort REITs","29.77","27.075","34.29","31382640640","3661391104","2.7","11.0259259259259","8.247698","24.9349989722794","0.058000002","http://www.sec.gov/cgi-bin/browse-edgar?action=getcompany&CIK=VICI",,,,
"VLO","Valero Energy","Oil & Gas Refining & Marketing","Oil & Gas Refining & Marketing","133.0","116.84","184.79","42105802752","7816000000","8.59","15.4831199068685","0.32708365","79.7669940132172","0.0324","http://www.sec.gov/cgi-bin/browse-edgar?action=getcompany&CIK=VLO",,,,
"VLTO","Veralto","Environmental & Facilities Services","Environmental & Facilities Services","103.39","75.05","115.0","25569173504","1264999936","3.24","31.9104938271605","4.9784217","7.90500053405967","0.0042","http://www.sec.gov/cgi-bin/browse-edgar?action=getcompany&CIK=VLTO",,,,
"VMC","Vulcan Materials Company","Construction Materials","Construction Materials","274.15","225.36","298.31","36204523520","1985699968","6.41","42.7691107644306","4.893627","59.568999870932","0.0067000003","http://www.sec.gov/cgi-bin/browse-edgar?action=getcompany&CIK=VMC",,,,
"VRSK","Verisk Analytics","Research & Consulting Services","Research & Consulting Services","287.44","217.34","296.58","40589692928","1363000064","6.48","44.358024691358","14.376684","2.11899985919532","0.0054","http://www.sec.gov/cgi-bin/browse-edgar?action=getcompany&CIK=VRSK",,,,
"VRSN","Verisign","Internet Services & Infrastructure","Internet Services & Infrastructure","215.0","167.05","217.66","20661499904","1089200000","8.58","25.0582750582751","13.395682",,"","http://www.sec.gov/cgi-bin/browse-edgar?action=getcompany&CIK=VRSN",,,,
"VRTX","Vertex Pharmaceuticals","Biotechnology","Biotechnology","461.68","377.85","519.88","118895984640","4446600192","-1.89","-244.275132275132","11.189367","60.6459994309774","","http://www.sec.gov/cgi-bin/browse-edgar?action=getcompany&CIK=VRTX",,,,
"VST","Vistra Corp.","Electric Utilities","Electric Utilities","168.03","42.225","199.84","57168171008","6019999744","5.31","31.6440677966102","3.514797","8.70199962660586","0.005","http://www.sec.gov/cgi-bin/browse-edgar?action=getcompany&CIK=VST",,,,
"VTR","Ventas","Health Care REITs","Health Care REITs","60.42","41.45","67.61","25346854912","1857009024","-0.14","-431.571428571429","5.2837706","23.2770001933586","0.0299","http://www.sec.gov/cgi-bin/browse-edgar?action=getcompany&CIK=VTR",,,,
"VTRS","Viatris","Pharmaceuticals","Pharmaceuticals","11.28","9.93","13.62","13463695360","4586699776","-0.73","-15.4520547945205","0.8946869","16.5820011932279","0.042","http://www.sec.gov/cgi-bin/browse-edgar?action=getcompany&CIK=VTRS",,,,
"VZ","Verizon","Integrated Telecommunication Services","Integrated Telecommunication Services","39.39","37.59","45.36","165817319424","48428998656","4.14","9.51449275362319","1.2352579","22.8820004456733","0.0692","http://www.sec.gov/cgi-bin/browse-edgar?action=getcompany&CIK=VZ",,,,
"WAB","Wabtec","Construction Machinery & Heavy Transportation Equipment","Construction Machinery & Heavy Transportation Equipment","207.92","131.33","210.7434","35739369472","2110000000","6.0","34.6533333333333","3.4597645","59.1120002676984","0.0038","http://www.sec.gov/cgi-bin/browse-edgar?action=getcompany&CIK=WAB",,,,
"WAT","Waters Corporation","Life Sciences Tools & Services","Life Sciences Tools & Services","415.48","279.24","423.0","24669624320","1008035008","10.47","39.6829035339064","8.491696","27.0030009544769","","http://www.sec.gov/cgi-bin/browse-edgar?action=getcompany&CIK=WAT",,,,
"WBA","Walgreens Boots Alliance","Drug Retail",,"10.28","8.08","23.77","8883492864","2884000000","-10.24","-1.00390625","0.060162626","12.0890004442825","0.108500004","http://www.sec.gov/cgi-bin/browse-edgar?action=getcompany&CIK=WBA",,,,
"WBD","Warner Bros. Discovery","Broadcasting","Broadcasting","10.44","6.64","12.7","26052601856","7144999936","-4.5","-2.32","0.6582597","14.3150004888216","","http://www.sec.gov/cgi-bin/browse-edgar?action=getcompany&CIK=WBD",,,,
"WDC","Western Digital","Technology Hardware, Storage & Peripherals","Technology Hardware, Storage & Peripherals","65.13","52.77","81.55","22515961856","2134000000","3.46","18.8236994219653","1.5692753","31.5390000582549","","http://www.sec.gov/cgi-bin/browse-edgar?action=getcompany&CIK=WDC",,,,
"WEC","WEC Energy Group","Electric Utilities","Electric Utilities","99.26","75.13","102.79","31401297920","3489200128","4.09","24.2689486552567","3.679897","38.1909993979704","0.0359","http://www.sec.gov/cgi-bin/browse-edgar?action=getcompany&CIK=WEC",,,,
"WELL","Welltower","Health Care REITs","Health Care REITs","136.48","85.4","140.75","84984725504","2930661888","1.56","87.4871794871795","11.24799","49.0530052800988","0.0195","http://www.sec.gov/cgi-bin/browse-edgar?action=getcompany&CIK=WELL",,,,
"WFC","Wells Fargo","Diversified Banks","Diversified Banks","78.8","47.45","79.2857","259234676736","","5.37","14.6741154562384","3.328856","49.2179959981022","0.0225","http://www.sec.gov/cgi-bin/browse-edgar?action=getcompany&CIK=WFC",,,,
"WM","Waste Management","Environmental & Facilities Services","Environmental & Facilities Services","220.26","186.91","230.39","88404877312","6381000192","6.81","32.3436123348018","4.13358","19.8799997508908","0.0143","http://www.sec.gov/cgi-bin/browse-edgar?action=getcompany&CIK=WM",,,,
"WMB","Williams Companies","Oil & Gas Storage & Transportation","Oil & Gas Storage & Transportation","55.43","32.65","61.46","67569725440","5864000000","2.36","23.4872881355932","6.5183992","10.1669998041986","0.0353","http://www.sec.gov/cgi-bin/browse-edgar?action=getcompany&CIK=WMB",,,,
"WMT","Walmart","Consumer Staples Merchandise Retail","Consumer Staples Merchandise Retail","98.16","55.84667","98.96","792493817856","40779001856","2.4","40.9","1.1916573","10.411998406803","0.0099","http://www.sec.gov/cgi-bin/browse-edgar?action=getcompany&CIK=WMT",,,,
"WRB","W. R. Berkley Corporation","Property & Casualty Insurance","Property & Casualty Insurance","58.83","50.726665","65.49","22290688000","","4.36","13.493119266055","1.68964","22.104999385847","0.0056","http://www.sec.gov/cgi-bin/browse-edgar?action=getcompany&CIK=WRB",,,,
"WST","West Pharmaceutical Services","Health Care Supplies","Health Care Supplies","341.55","265.0","413.7","24735868928","744700032","6.74","50.6750741839763","8.599592","37.9600003512036","0.0023999999","http://www.sec.gov/cgi-bin/browse-edgar?action=getcompany&CIK=WST",,,,
"WTW","Willis Towers Watson","Insurance Brokers","Insurance Brokers","329.565","245.04","334.99","33195433984","2580999936","-7.22","-45.6461218836565","3.384181","74.273006174374","0.0107","http://www.sec.gov/cgi-bin/browse-edgar?action=getcompany&CIK=WTW",,,,
"WY","Weyerhaeuser","Timber REITs","Timber REITs","30.62","26.73","36.27","22247942144","1234000000","0.73","41.9452054794521","3.0942895","13.6589992039685","0.025799999","http://www.sec.gov/cgi-bin/browse-edgar?action=getcompany&CIK=WY",,,,
"WYNN","Wynn Resorts","Casinos & Gaming","Casinos & Gaming","86.85","71.63","110.38","9537432576","1829332992","8.33","10.4261704681873","1.3377188",,"0.0112","http://www.sec.gov/cgi-bin/browse-edgar?action=getcompany&CIK=WYNN",,,,
"XEL","Xcel Energy","Multi-Utilities","Multi-Utilities","67.2","46.79","73.38","38589059072","5510000128","3.37","19.9406528189911","2.803826","33.7080021242061","0.0328","http://www.sec.gov/cgi-bin/browse-edgar?action=getcompany&CIK=XEL",,,,
"XOM","ExxonMobil","Integrated Oil & Gas","Integrated Oil & Gas","106.83","100.42","126.34","481570422784","71537999872","7.83","13.6436781609195","1.400655","61.1120016008221","0.0361","http://www.sec.gov/cgi-bin/browse-edgar?action=getcompany&CIK=XOM",,,,
"XYL","Xylem Inc.","Industrial Machinery & Supplies & Components","Industrial Machinery & Supplies & Components","124.04","112.02","146.08","30134896640","1688999936","3.48","35.6436781609195","3.577267","43.5929993944636","0.0117999995","http://www.sec.gov/cgi-bin/browse-edgar?action=getcompany&CIK=XYL",,,,
"YUM","Yum! Brands","Restaurants","Restaurants","130.5","122.13","143.2","36418895872","2608000000","5.35","24.392523364486","5.0420732",,"0.020499999","http://www.sec.gov/cgi-bin/browse-edgar?action=getcompany&CIK=YUM",,,,
"ZBH","Zimmer Biomet","Health Care Equipment","Health Care Equipment","109.48","100.67","133.9","21794621440","2557400064","5.24","20.8931297709924","2.8694124","61.9969999296106","0.0087","http://www.sec.gov/cgi-bin/browse-edgar?action=getcompany&CIK=ZBH",,,,
"ZBRA","Zebra Technologies","Electronic Equipment & Instruments","Electronic Equipment & Instruments","391.94","237.06","427.76","20216264704","803000000","7.34","53.3978201634877","4.3419814","66.373000207278","","http://www.sec.gov/cgi-bin/browse-edgar?action=getcompany&CIK=ZBRA",,,,
"ZTS","Zoetis","Pharmaceuticals","Pharmaceuticals","170.9","144.8","200.53","77104095232","3764000000","5.32","32.1240601503759","8.424835","11.5910000666025","0.0116","http://www.sec.gov/cgi-bin/browse-edgar?action=getcompany&CIK=ZTS",,,,
"AAPL","Apple Inc.","Technology Hardware, Storage & Peripherals","Technology Hardware, Storage & Peripherals","236.0","164.08","260.1","3572851277824","134660997120","6.25","37.76","9.1369095","3.76700000413412","0.0042","http://www.sec.gov/cgi-bin/browse-edgar?action=getcompany&CIK=AAPL",,,,
